date,river_discharge,river_discharge_mean,river_discharge_median,river_discharge_min,river_discharge_max,river_discharge_p25,river_discharge_p75,latitude,longitude
2023-12-31,0.4927944,0.4927942,0.4927944,0.4927944,0.4927944,0.4927944,0.4927944,-30.02499771118164,-51.22499084472656
2024-01-01,0.29717922,0.29717922,0.29717922,0.29717922,0.29717922,0.29717922,0.29717922,-30.02499771118164,-51.22499084472656
2024-01-02,0.686553,1.080146,0.81972015,0.23310483,4.3703184,0.50671446,1.3831736,-30.02499771118164,-51.22499084472656
2024-01-03,0.46217716,0.9873234,0.7620181,0.38356638,3.4565625,0.56135213,1.2416635,-30.02499771118164,-51.22499084472656
2024-01-04,0.5848932,0.7640317,0.5381547,0.36772883,6.6032624,0.43468112,0.72589296,-30.02499771118164,-51.22499084472656
2024-01-05,0.3273945,0.34263963,0.3273945,0.25892544,0.64058983,0.3273945,0.33659554,-30.02499771118164,-51.22499084472656
2024-01-06,0.17219532,0.17219539,0.17219532,0.17219532,0.17219532,0.17219532,0.17219532,-30.02499771118164,-51.22499084472656
2024-01-07,0.20226443,0.6585409,0.26629484,0.14024973,3.2072663,0.14024973,0.9176804,-30.02499771118164,-51.22499084472656
2024-01-08,1.741574,1.233746,1.1777617,0.1561122,5.441693,0.560544,1.6699362,-30.02499771118164,-51.22499084472656
2024-01-09,0.686553,0.7768505,0.686553,0.686553,1.4043629,0.686553,0.77736336,-30.02499771118164,-51.22499084472656
2024-01-10,0.10917485,0.20011486,0.10917485,0.10917485,3.0457587,0.10917485,0.10917485,-30.02499771118164,-51.22499084472656
2024-01-11,0.5170504,1.9991513,1.5562534,0.23310483,6.6559663,1.0464447,3.0926065,-30.02499771118164,-51.22499084472656
2024-01-12,0.28233063,0.283204,0.28233063,0.28233063,0.29717922,0.28233063,0.28233063,-30.02499771118164,-51.22499084472656
2024-01-13,0.40604758,0.40604773,0.40604758,0.40604758,0.40604758,0.40604758,0.40604758,-30.02499771118164,-51.22499084472656
2024-01-14,0.4996848,0.82884383,0.60887873,0.23310483,2.4040818,0.31219995,1.143165,-30.02499771118164,-51.22499084472656
2024-01-15,0.8113401,1.2530377,0.83457226,0.28233063,7.2413816,0.31984067,1.8560157,-30.02499771118164,-51.22499084472656
2024-01-16,0.4859357,0.5326264,0.4859357,0.4859357,1.5644841,0.4859357,0.4859357,-30.02499771118164,-51.22499084472656
2024-01-17,10.2719755,11.0863695,10.117435,4.260173,24.118862,8.573152,13.1367855,-30.02499771118164,-51.22499084472656
2024-01-18,3.2953644,3.7912836,3.4412231,2.2960973,7.6099377,2.928728,4.261693,-30.02499771118164,-51.22499084472656
2024-01-19,0.92309177,1.2142708,1.0535372,0.686553,3.1591063,0.8880064,1.4789486,-30.02499771118164,-51.22499084472656
2024-01-20,2.2658782,3.1652997,2.9492455,0.9054607,10.994993,2.1388276,4.003227,-30.02499771118164,-51.22499084472656
2024-01-21,0.8281002,0.83795255,0.8281002,0.8281002,0.9678863,0.8281002,0.8281002,-30.02499771118164,-51.22499084472656
2024-01-22,0.3273945,0.3399404,0.3273945,0.3273945,0.4689263,0.3273945,0.34276497,-30.02499771118164,-51.22499084472656
2024-01-23,0.23310483,0.23777275,0.23310483,0.23310483,0.35831344,0.23310483,0.23310483,-30.02499771118164,-51.22499084472656
2024-01-24,0.17219532,0.25414088,0.18850219,0.17219532,1.0941124,0.17219532,0.25025904,-30.02499771118164,-51.22499084472656
2024-01-25,0.14024973,0.14269064,0.14024973,0.14024973,0.2647363,0.14024973,0.14024973,-30.02499771118164,-51.22499084472656
2024-01-26,0.18850219,0.21645632,0.18850219,0.18850219,0.6710906,0.18850219,0.20644572,-30.02499771118164,-51.22499084472656
2024-01-27,0.20226443,0.28161258,0.20226443,0.14024973,1.1877615,0.1561122,0.29717922,-30.02499771118164,-51.22499084472656
2024-01-28,0.7823787,0.90156555,0.7823787,0.1561122,2.7670379,0.5232369,1.1953702,-30.02499771118164,-51.22499084472656
2024-01-29,0.7823787,0.5597066,0.5170504,0.35831344,1.3768401,0.44878334,0.6710906,-30.02499771118164,-51.22499084472656
2024-01-30,0.37404191,0.50654846,0.37404191,0.37404191,1.7989812,0.37404191,0.48937297,-30.02499771118164,-51.22499084472656
2024-01-31,0.17219532,0.17219539,0.17219532,0.17219532,0.17219532,0.17219532,0.17219532,-30.02499771118164,-51.22499084472656
2024-02-01,0.12460494,0.12460503,0.12460494,0.12460494,0.12460494,0.12460494,0.12460494,-30.02499771118164,-51.22499084472656
2024-02-02,0.09395635,0.09395641,0.09395635,0.09395635,0.09395635,0.09395635,0.09395635,-30.02499771118164,-51.22499084472656
2024-02-03,0.07894671,0.07894666,0.07894671,0.07894671,0.07894671,0.07894671,0.07894671,-30.02499771118164,-51.22499084472656
2024-02-04,0.98609495,0.28503668,0.18034875,0.07894671,1.2803421,0.09020394,0.45631528,-30.02499771118164,-51.22499084472656
2024-02-05,0.59220874,0.8101221,0.6711615,0.43879855,2.4040818,0.4996848,0.92561924,-30.02499771118164,-51.22499084472656
2024-02-06,0.25025904,0.25025913,0.25025904,0.25025904,0.25025904,0.25025904,0.25025904,-30.02499771118164,-51.22499084472656
2024-02-07,0.12460494,0.12460503,0.12460494,0.12460494,0.12460494,0.12460494,0.12460494,-30.02499771118164,-51.22499084472656
2024-02-08,0.09395635,0.09395641,0.09395635,0.09395635,0.09395635,0.09395635,0.09395635,-30.02499771118164,-51.22499084472656
2024-02-09,0.07894671,0.07894666,0.07894671,0.07894671,0.07894671,0.07894671,0.07894671,-30.02499771118164,-51.22499084472656
2024-02-10,0.07894671,0.20193572,0.07894671,0.07894671,2.2210689,0.07894671,0.07894671,-30.02499771118164,-51.22499084472656
2024-02-11,0.07894671,0.095733486,0.07894671,0.07894671,0.61064565,0.07894671,0.07894671,-30.02499771118164,-51.22499084472656
2024-02-12,0.10917485,0.48617852,0.18850219,0.10917485,3.0926065,0.10917485,0.60484666,-30.02499771118164,-51.22499084472656
2024-02-13,3.518559,3.966679,3.6087499,1.2181964,8.484184,2.8460398,5.244646,-30.02499771118164,-51.22499084472656
2024-02-14,1.0796967,1.1424257,1.0796967,1.0796967,1.5644841,1.0796967,1.1466041,-30.02499771118164,-51.22499084472656
2024-02-15,0.5310875,0.5310877,0.5310875,0.5310875,0.5310875,0.5310875,0.5310875,-30.02499771118164,-51.22499084472656
2024-02-16,3.7533522,4.9227986,4.780976,1.5292981,8.527961,3.9777255,5.843058,-30.02499771118164,-51.22499084472656
2024-02-17,1.3280914,1.299071,1.2724931,1.1086283,1.9376497,1.1086283,1.408664,-30.02499771118164,-51.22499084472656
2024-02-18,0.8749945,0.6188754,0.5776112,0.5310875,1.1577444,0.5310875,0.65960014,-30.02499771118164,-51.22499084472656
2024-02-19,0.5310875,0.6194611,0.4689263,0.42232883,1.844461,0.42232883,0.633104,-30.02499771118164,-51.22499084472656
2024-02-20,0.25025904,0.27095136,0.25025904,0.25025904,0.43879855,0.25025904,0.28604278,-30.02499771118164,-51.22499084472656
2024-02-21,0.1561122,0.1561122,0.1561122,0.1561122,0.1561122,0.1561122,0.1561122,-30.02499771118164,-51.22499084472656
2024-02-22,0.12460494,0.12460503,0.12460494,0.12460494,0.12460494,0.12460494,0.12460494,-30.02499771118164,-51.22499084472656
2024-02-23,0.09395635,0.09395641,0.09395635,0.09395635,0.09395635,0.09395635,0.09395635,-30.02499771118164,-51.22499084472656
2024-02-24,0.07894671,0.08219632,0.07894671,0.07894671,0.10917485,0.07894671,0.07894671,-30.02499771118164,-51.22499084472656
2024-02-25,0.07894671,0.08286883,0.07894671,0.07894671,0.18850219,0.07894671,0.07894671,-30.02499771118164,-51.22499084472656
2024-02-26,0.936422,1.065188,0.8113401,0.061695576,3.6881337,0.36238006,1.7753184,-30.02499771118164,-51.22499084472656
2024-02-27,3.4360867,4.368046,4.0350595,1.7989812,7.491805,3.4208703,5.426928,-30.02499771118164,-51.22499084472656
2024-02-28,1.2490547,1.2642012,1.1577444,1.0606298,4.0118723,1.0796967,1.3001275,-30.02499771118164,-51.22499084472656
2024-02-29,0.7823787,0.7472148,0.6943558,0.4689263,1.4547088,0.4689263,0.9543395,-30.02499771118164,-51.22499084472656
2024-03-01,0.40604758,0.39650384,0.37404191,0.34276497,0.5776112,0.34276497,0.4421268,-30.02499771118164,-51.22499084472656
2024-03-02,0.17219532,0.17219539,0.17219532,0.17219532,0.17219532,0.17219532,0.17219532,-30.02499771118164,-51.22499084472656
2024-03-03,0.1561122,0.47082016,0.21062702,0.10917485,2.2210689,0.10917485,0.753188,-30.02499771118164,-51.22499084472656
2024-03-04,0.12460494,0.18727143,0.12460494,0.12460494,0.5310875,0.12460494,0.19612405,-30.02499771118164,-51.22499084472656
2024-03-05,0.07894671,0.07894666,0.07894671,0.07894671,0.07894671,0.07894671,0.07894671,-30.02499771118164,-51.22499084472656
2024-03-06,0.061695576,0.061695576,0.061695576,0.061695576,0.061695576,0.061695576,0.061695576,-30.02499771118164,-51.22499084472656
2024-03-07,0.061695576,0.061695576,0.061695576,0.061695576,0.061695576,0.061695576,0.061695576,-30.02499771118164,-51.22499084472656
2024-03-08,1.9241524,2.0451782,1.6546056,0.061695576,6.925013,0.7660378,2.9986095,-30.02499771118164,-51.22499084472656
2024-03-09,0.733804,0.85699487,0.6710906,0.6710906,1.7669415,0.6710906,0.95228195,-30.02499771118164,-51.22499084472656
2024-03-10,0.4521116,0.45343426,0.4521116,0.4521116,0.4859357,0.4521116,0.4521116,-30.02499771118164,-51.22499084472656
2024-03-11,0.21898961,0.21898946,0.21898961,0.21898961,0.21898961,0.21898961,0.21898961,-30.02499771118164,-51.22499084472656
2024-03-12,0.14024973,0.14024973,0.14024973,0.14024973,0.14024973,0.14024973,0.14024973,-30.02499771118164,-51.22499084472656
2024-03-13,0.10917485,0.10917477,0.10917485,0.10917485,0.10917485,0.10917485,0.10917485,-30.02499771118164,-51.22499084472656
2024-03-14,0.07894671,0.07894666,0.07894671,0.07894671,0.07894671,0.07894671,0.07894671,-30.02499771118164,-51.22499084472656
2024-03-15,0.4521116,0.69659954,0.38995266,0.07894671,3.666594,0.23310483,0.89234364,-30.02499771118164,-51.22499084472656
2024-03-16,0.43879855,1.2428021,0.8450154,0.23310483,4.7016425,0.65570164,1.3711549,-30.02499771118164,-51.22499084472656
2024-03-17,0.23310483,0.37155464,0.28095776,0.23310483,1.0606298,0.23310483,0.46056762,-30.02499771118164,-51.22499084472656
2024-03-18,0.29717922,0.29717922,0.29717922,0.29717922,0.29717922,0.29717922,0.29717922,-30.02499771118164,-51.22499084472656
2024-03-19,0.17219532,0.25027898,0.17219532,0.17219532,0.9678863,0.17219532,0.24101269,-30.02499771118164,-51.22499084472656
2024-03-20,0.10917485,0.11132801,0.10917485,0.10917485,0.21898961,0.10917485,0.10917485,-30.02499771118164,-51.22499084472656
2024-03-21,3.9888449,5.295401,5.04664,1.8906798,9.964781,4.224128,5.9705586,-30.02499771118164,-51.22499084472656
2024-03-22,1.1232445,1.1848263,1.1232445,1.1232445,1.5003455,1.1232445,1.2220404,-30.02499771118164,-51.22499084472656
2024-03-23,0.54525447,0.5452543,0.54525447,0.54525447,0.54525447,0.54525447,0.54525447,-30.02499771118164,-51.22499084472656
2024-03-24,0.28233063,0.28233054,0.28233063,0.28233063,0.28233063,0.28233063,0.28233063,-30.02499771118164,-51.22499084472656
2024-03-25,0.17219532,0.17219539,0.17219532,0.17219532,0.17219532,0.17219532,0.17219532,-30.02499771118164,-51.22499084472656
2024-03-26,0.12460494,0.13109837,0.12460494,0.12460494,0.17219532,0.12460494,0.12851614,-30.02499771118164,-51.22499084472656
2024-03-27,0.09395635,0.09395641,0.09395635,0.09395635,0.09395635,0.09395635,0.09395635,-30.02499771118164,-51.22499084472656
2024-03-28,0.07894671,0.09052347,0.07894671,0.07894671,0.29717922,0.07894671,0.07894671,-30.02499771118164,-51.22499084472656
2024-03-29,1.2029264,1.2977452,1.0455654,0.061695576,4.597576,0.46193993,1.8233232,-30.02499771118164,-51.22499084472656
2024-03-30,0.4859357,0.49450707,0.4859357,0.4859357,0.92309177,0.4859357,0.4859357,-30.02499771118164,-51.22499084472656
2024-03-31,0.10917485,0.11009512,0.10917485,0.10917485,0.1561122,0.10917485,0.10917485,-30.02499771118164,-51.22499084472656
2024-04-01,0.09395635,0.20120929,0.09395635,0.09395635,1.3120646,0.09395635,0.09395635,-30.02499771118164,-51.22499084472656
2024-04-02,0.07894671,0.23399727,0.14818096,0.07894671,1.0137241,0.07894671,0.28979796,-30.02499771118164,-51.22499084472656
2024-04-03,0.07894671,0.07894666,0.07894671,0.07894671,0.07894671,0.07894671,0.07894671,-30.02499771118164,-51.22499084472656
2024-04-04,0.07894671,0.29593077,0.07894671,0.07894671,3.2461958,0.07894671,0.25025904,-30.02499771118164,-51.22499084472656
2024-04-05,0.09395635,0.38775718,0.116889894,0.07894671,2.7325017,0.07894671,0.34303403,-30.02499771118164,-51.22499084472656
2024-04-06,0.10917485,0.10917477,0.10917485,0.10917485,0.10917485,0.10917485,0.10917485,-30.02499771118164,-51.22499084472656
2024-04-07,8.099133,5.9923744,5.966431,1.1577444,9.739895,5.1995926,7.332052,-30.02499771118164,-51.22499084472656
2024-04-08,1.8248801,1.9267662,1.8248801,1.8248801,3.3551188,1.8248801,1.899048,-30.02499771118164,-51.22499084472656
2024-04-09,0.54525447,0.5516713,0.4996848,0.4859357,0.9678863,0.4859357,0.5776112,-30.02499771118164,-51.22499084472656
2024-04-10,0.3273945,0.41668084,0.33507973,0.29717922,0.89234364,0.29717922,0.4996848,-30.02499771118164,-51.22499084472656
2024-04-11,0.4689263,0.6786822,0.59220874,0.18850219,2.1695673,0.38597497,0.83232903,-30.02499771118164,-51.22499084472656
2024-04-12,0.25025904,0.39007437,0.27353346,0.25025904,1.2803421,0.25025904,0.48937297,-30.02499771118164,-51.22499084472656
2024-04-13,1.0464447,1.0371693,0.9077177,0.3273945,3.7533522,0.62182295,1.3201057,-30.02499771118164,-51.22499084472656
2024-04-14,1.7352688,2.1353514,1.725854,0.8578044,11.331047,1.3523815,2.4159207,-30.02499771118164,-51.22499084472656
2024-04-15,0.6710906,0.79626614,0.6710906,0.6710906,1.7478943,0.6710906,0.789619,-30.02499771118164,-51.22499084472656
2024-04-16,2.7931497,3.9847825,3.6558733,1.1086283,8.527961,2.8837557,4.7676644,-30.02499771118164,-51.22499084472656
2024-04-17,0.92309177,0.9622039,0.92309177,0.92309177,1.6853445,0.92309177,0.92309177,-30.02499771118164,-51.22499084472656
2024-04-18,0.4521116,0.45211166,0.4521116,0.4521116,0.4521116,0.4521116,0.4521116,-30.02499771118164,-51.22499084472656
2024-04-19,0.25025904,0.25025913,0.25025904,0.25025904,0.25025904,0.25025904,0.25025904,-30.02499771118164,-51.22499084472656
2024-04-20,0.17219532,0.17219539,0.17219532,0.17219532,0.17219532,0.17219532,0.17219532,-30.02499771118164,-51.22499084472656
2024-04-21,0.12460494,0.12460503,0.12460494,0.12460494,0.12460494,0.12460494,0.12460494,-30.02499771118164,-51.22499084472656
2024-04-22,2.250873,0.9147952,0.6711615,0.10917485,5.251727,0.21136776,1.4044396,-30.02499771118164,-51.22499084472656
2024-04-23,1.6424086,1.5291256,1.4547088,0.7823787,2.74973,1.0464447,1.975095,-30.02499771118164,-51.22499084472656
2024-04-24,0.43879855,0.48119804,0.43879855,0.37404191,1.032357,0.37404191,0.54525447,-30.02499771118164,-51.22499084472656
2024-04-25,0.12460494,0.12832636,0.12460494,0.12460494,0.21898961,0.12460494,0.12460494,-30.02499771118164,-51.22499084472656
2024-04-26,1.4210291,1.817905,1.3442287,0.07894671,7.147043,0.47261044,2.6707993,-30.02499771118164,-51.22499084472656
2024-04-27,2.2809527,3.9598157,3.8752851,1.1232445,8.099133,2.9039817,4.8854036,-30.02499771118164,-51.22499084472656
2024-04-28,0.8450154,1.1843013,0.98609495,0.8450154,2.5156045,0.8749945,1.4408581,-30.02499771118164,-51.22499084472656
2024-04-29,1.5644841,3.9181907,3.8752851,0.9543395,9.864257,2.0214703,5.582429,-30.02499771118164,-51.22499084472656
2024-04-30,1.2335722,1.8889735,1.8907105,0.7498467,3.920395,1.2764176,2.3653576,-30.02499771118164,-51.22499084472656
2024-05-01,3.528976,6.5521355,5.9024715,2.2809527,11.647364,5.033502,8.248165,-30.02499771118164,-51.22499084472656
2024-05-02,12.243415,13.510085,13.7231655,7.531001,20.928047,10.899866,16.031599,-30.02499771118164,-51.22499084472656
2024-05-03,5.966265,6.0267572,5.629833,3.2854853,11.473834,4.63017,6.9762516,-30.02499771118164,-51.22499084472656
2024-05-04,2.9174187,3.712543,3.487454,2.1405087,7.147043,2.9309804,4.413783,-30.02499771118164,-51.22499084472656
2024-05-05,10.721953,7.9763308,7.649679,2.810658,15.032455,5.8548827,10.034702,-30.02499771118164,-51.22499084472656
2024-05-06,3.2657952,3.265794,3.2657952,3.2657952,3.2657952,3.2657952,3.2657952,-30.02499771118164,-51.22499084472656
2024-05-07,0.89234364,0.8923442,0.89234364,0.89234364,0.89234364,0.89234364,0.89234364,-30.02499771118164,-51.22499084472656
2024-05-08,0.7988709,1.1698376,0.97507304,0.65576994,3.168694,0.76199,1.4703126,-30.02499771118164,-51.22499084472656
2024-05-09,0.59220874,0.5941089,0.59220874,0.59220874,0.65576994,0.59220874,0.59220874,-30.02499771118164,-51.22499084472656
2024-05-10,6.177943,4.657081,4.539879,1.4547088,9.471285,3.304567,5.8312607,-30.02499771118164,-51.22499084472656
2024-05-11,7.5901356,6.4701524,6.0068583,3.0926065,12.677289,4.987588,7.720104,-30.02499771118164,-51.22499084472656
2024-05-12,7.147043,7.80125,7.0543184,3.6238103,17.365385,5.8548827,9.876966,-30.02499771118164,-51.22499084472656
2024-05-13,2.7325017,2.8584442,2.8547938,2.0760968,3.9888449,2.479372,3.1138668,-30.02499771118164,-51.22499084472656
2024-05-14,1.8906798,1.890679,1.8906798,1.8906798,1.8906798,1.8906798,1.8906798,-30.02499771118164,-51.22499084472656
2024-05-15,1.1727014,1.1727018,1.1727014,1.1727014,1.1727014,1.1727014,1.1727014,-30.02499771118164,-51.22499084472656
2024-05-16,2.2658782,2.4249845,2.4199393,1.3442287,4.8748937,1.8993343,2.8326652,-30.02499771118164,-51.22499084472656
2024-05-17,3.6989408,2.5447185,2.5399828,1.3120646,4.48277,1.9394127,3.1092315,-30.02499771118164,-51.22499084472656
2024-05-18,1.4210291,1.4496689,1.4210291,1.4210291,1.7989812,1.4210291,1.4210291,-30.02499771118164,-51.22499084472656
2024-05-19,0.7988709,0.97655696,0.8450154,0.6710906,2.3419504,0.733804,1.0726295,-30.02499771118164,-51.22499084472656
2024-05-20,0.5776112,0.5951597,0.5776112,0.5776112,0.7498467,0.5776112,0.596818,-30.02499771118164,-51.22499084472656
2024-05-21,0.43879855,0.5076627,0.43879855,0.43879855,2.311311,0.43879855,0.43879855,-30.02499771118164,-51.22499084472656
2024-05-22,0.35831344,0.37336308,0.35831344,0.35831344,1.0137241,0.35831344,0.35831344,-30.02499771118164,-51.22499084472656
2024-05-23,5.8233867,7.8660135,7.671089,3.6881337,14.135611,6.405757,8.727783,-30.02499771118164,-51.22499084472656
2024-05-24,4.3088446,3.9448042,3.655861,2.4514372,6.961594,3.1495736,4.633158,-30.02499771118164,-51.22499084472656
2024-05-25,1.5468302,1.5541422,1.5468302,1.5468302,1.7478943,1.5468302,1.5468302,-30.02499771118164,-51.22499084472656
2024-05-26,0.98609495,0.9932634,0.98609495,0.98609495,1.1428907,0.98609495,0.98609495,-30.02499771118164,-51.22499084472656
2024-05-27,4.0350065,5.113314,5.1045303,1.5763211,7.51138,4.1227226,6.103966,-30.02499771118164,-51.22499084472656
2024-05-28,1.6424086,1.8671988,1.844461,1.5763211,2.2960973,1.7305615,1.975095,-30.02499771118164,-51.22499084472656
2024-05-29,0.9543395,0.9747165,0.9543395,0.9543395,1.2029264,0.9543395,0.98953664,-30.02499771118164,-51.22499084472656
2024-05-30,0.686553,0.6865535,0.686553,0.686553,0.686553,0.686553,0.686553,-30.02499771118164,-51.22499084472656
2024-05-31,0.5310875,0.5310877,0.5310875,0.5310875,0.5310875,0.5310875,0.5310875,-30.02499771118164,-51.22499084472656
2024-06-01,0.42232883,0.42232892,0.42232883,0.42232883,0.42232883,0.42232883,0.42232883,-30.02499771118164,-51.22499084472656
2024-06-02,0.34276497,0.34276494,0.34276497,0.34276497,0.34276497,0.34276497,0.34276497,-30.02499771118164,-51.22499084472656
2024-06-03,0.56314766,0.7647263,0.7179084,0.40604758,1.3604782,0.64058983,0.8664392,-30.02499771118164,-51.22499084472656
2024-06-04,0.40604758,0.40604773,0.40604758,0.40604758,0.40604758,0.40604758,0.40604758,-30.02499771118164,-51.22499084472656
2024-06-05,0.31219995,0.37713164,0.31219995,0.31219995,2.4514372,0.31219995,0.31219995,-30.02499771118164,-51.22499084472656
2024-06-06,0.25025904,0.25268623,0.25025904,0.25025904,0.37404191,0.25025904,0.25025904,-30.02499771118164,-51.22499084472656
2024-06-07,0.23310483,0.23310472,0.23310483,0.23310483,0.23310483,0.23310483,0.23310483,-30.02499771118164,-51.22499084472656
2024-06-08,0.18850219,0.18850227,0.18850219,0.18850219,0.18850219,0.18850219,0.18850219,-30.02499771118164,-51.22499084472656
2024-06-09,0.1561122,0.1561122,0.1561122,0.1561122,0.1561122,0.1561122,0.1561122,-30.02499771118164,-51.22499084472656
2024-06-10,0.14024973,0.14024973,0.14024973,0.14024973,0.14024973,0.14024973,0.14024973,-30.02499771118164,-51.22499084472656
2024-06-11,0.10917485,0.19553718,0.10917485,0.10917485,2.7153523,0.10917485,0.10917485,-30.02499771118164,-51.22499084472656
2024-06-12,0.09395635,0.09395641,0.09395635,0.09395635,0.09395635,0.09395635,0.09395635,-30.02499771118164,-51.22499084472656
2024-06-13,0.07894671,0.07894666,0.07894671,0.07894671,0.07894671,0.07894671,0.07894671,-30.02499771118164,-51.22499084472656
2024-06-14,0.07894671,0.07894666,0.07894671,0.07894671,0.07894671,0.07894671,0.07894671,-30.02499771118164,-51.22499084472656
2024-06-15,2.3265955,1.6608924,1.6154634,0.061695576,3.6131754,0.9154047,2.439544,-30.02499771118164,-51.22499084472656
2024-06-16,6.852356,9.522958,9.234259,3.655861,19.137243,7.351226,12.009346,-30.02499771118164,-51.22499084472656
2024-06-17,1.9241524,2.2946913,2.1117163,1.8119009,4.984116,1.91912,2.5196612,-30.02499771118164,-51.22499084472656
2024-06-18,1.2961485,1.4907779,1.412696,1.1086283,3.1209755,1.2803421,1.5882955,-30.02499771118164,-51.22499084472656
2024-06-19,3.7643094,2.868608,2.7976427,1.3280914,6.3451385,2.4360142,3.1880696,-30.02499771118164,-51.22499084472656
2024-06-20,1.6546056,1.7796732,1.6546056,1.5176768,3.0644336,1.5733619,1.8477433,-30.02499771118164,-51.22499084472656
2024-06-21,2.4355795,2.409524,2.475371,1.1232445,4.2844524,2.044394,2.6940336,-30.02499771118164,-51.22499084472656
2024-06-22,1.1086283,1.111381,1.1086283,1.1086283,1.2490547,1.1086283,1.1086283,-30.02499771118164,-51.22499084472656
2024-06-23,6.638358,5.0129623,4.795039,1.7164392,12.963683,3.4251652,6.1246023,-30.02499771118164,-51.22499084472656
2024-06-24,4.847901,4.9711614,4.7743125,2.548134,8.749897,3.9888449,5.6412563,-30.02499771118164,-51.22499084472656
2024-06-25,1.5176768,1.5380877,1.5176768,1.5176768,1.7797134,1.5176768,1.5292981,-30.02499771118164,-51.22499084472656
2024-06-26,1.6424086,1.8898159,1.8512903,0.8281002,2.7325017,1.5823421,2.2923634,-30.02499771118164,-51.22499084472656
2024-06-27,0.92309177,0.9230918,0.92309177,0.92309177,0.92309177,0.92309177,0.92309177,-30.02499771118164,-51.22499084472656
2024-06-28,0.7498467,0.74984705,0.7498467,0.7498467,0.7498467,0.7498467,0.7498467,-30.02499771118164,-51.22499084472656
2024-06-29,0.5310875,0.5310877,0.5310875,0.5310875,0.5310875,0.5310875,0.5310875,-30.02499771118164,-51.22499084472656
2024-06-30,0.42232883,0.42232892,0.42232883,0.42232883,0.42232883,0.42232883,0.42232883,-30.02499771118164,-51.22499084472656
2024-07-01,0.34276497,0.34276494,0.34276497,0.34276497,0.34276497,0.34276497,0.34276497,-30.02499771118164,-51.22499084472656
2024-07-02,0.28233063,0.28233054,0.28233063,0.28233063,0.28233063,0.28233063,0.28233063,-30.02499771118164,-51.22499084472656
2024-07-03,0.31219995,1.1208162,1.0684843,0.23310483,4.296634,0.57692844,1.491769,-30.02499771118164,-51.22499084472656
2024-07-04,1.2335722,1.2283272,1.0919372,0.28233063,4.260173,0.9021814,1.4946742,-30.02499771118164,-51.22499084472656
2024-07-05,1.8906798,2.197306,2.2210689,0.98609495,3.560369,1.8248801,2.5974934,-30.02499771118164,-51.22499084472656
2024-07-06,0.7823787,0.8284845,0.7823787,0.7823787,1.2803421,0.7823787,0.8450154,-30.02499771118164,-51.22499084472656
2024-07-07,0.4859357,0.49073407,0.4859357,0.4859357,0.61064565,0.4859357,0.4859357,-30.02499771118164,-51.22499084472656
2024-07-08,0.3273945,0.3273945,0.3273945,0.3273945,0.3273945,0.3273945,0.3273945,-30.02499771118164,-51.22499084472656
2024-07-09,0.25025904,0.26973975,0.25025904,0.25025904,0.733804,0.25025904,0.25025904,-30.02499771118164,-51.22499084472656
2024-07-10,2.6897757,2.4197018,2.2961318,1.1428907,4.1760683,2.0391726,2.786607,-30.02499771118164,-51.22499084472656
2024-07-11,1.1086283,1.1258327,1.0941124,1.0941124,1.3280914,1.0941124,1.1232445,-30.02499771118164,-51.22499084472656
2024-07-12,0.56314766,0.56436294,0.56314766,0.56314766,0.61064565,0.56314766,0.56314766,-30.02499771118164,-51.22499084472656
2024-07-13,0.38995266,0.392122,0.38995266,0.38995266,0.4521116,0.38995266,0.38995266,-30.02499771118164,-51.22499084472656
2024-07-14,1.8575904,2.5192914,2.428123,0.8578044,5.441693,1.699305,3.0621934,-30.02499771118164,-51.22499084472656
2024-07-15,0.8281002,0.9421135,0.9054607,0.8281002,1.3442287,0.8281002,1.0219042,-30.02499771118164,-51.22499084472656
2024-07-16,0.7498467,0.79710925,0.538171,0.5170504,2.6057863,0.5170504,0.9176804,-30.02499771118164,-51.22499084472656
2024-07-17,0.59220874,0.7921976,0.5776782,0.4521116,2.6897757,0.4521116,0.84744036,-30.02499771118164,-51.22499084472656
2024-07-18,0.37404191,0.37404191,0.37404191,0.37404191,0.37404191,0.37404191,0.37404191,-30.02499771118164,-51.22499084472656
2024-07-19,0.31219995,0.31219983,0.31219995,0.31219995,0.31219995,0.31219995,0.31219995,-30.02499771118164,-51.22499084472656
2024-07-20,0.23310483,0.23310472,0.23310483,0.23310483,0.23310483,0.23310483,0.23310483,-30.02499771118164,-51.22499084472656
2024-07-21,0.18850219,0.18850227,0.18850219,0.18850219,0.18850219,0.18850219,0.18850219,-30.02499771118164,-51.22499084472656
2024-07-22,0.1561122,0.1561122,0.1561122,0.1561122,0.1561122,0.1561122,0.1561122,-30.02499771118164,-51.22499084472656
2024-07-23,0.12460494,0.12460503,0.12460494,0.12460494,0.12460494,0.12460494,0.12460494,-30.02499771118164,-51.22499084472656
2024-07-24,0.10917485,0.10917477,0.10917485,0.10917485,0.10917485,0.10917485,0.10917485,-30.02499771118164,-51.22499084472656
2024-07-25,0.09395635,0.09395641,0.09395635,0.09395635,0.09395635,0.09395635,0.09395635,-30.02499771118164,-51.22499084472656
2024-07-26,0.07894671,0.07894666,0.07894671,0.07894671,0.07894671,0.07894671,0.07894671,-30.02499771118164,-51.22499084472656
2024-07-27,0.10917485,0.41968474,0.14840013,0.061695576,2.5645113,0.061695576,0.5667635,-30.02499771118164,-51.22499084472656
2024-07-28,0.12460494,1.3487813,0.8365578,0.12460494,8.616122,0.4142348,1.8477433,-30.02499771118164,-51.22499084472656
2024-07-29,2.013006,2.304507,2.1550379,0.7660378,6.177943,1.6470088,2.7703896,-30.02499771118164,-51.22499084472656
2024-07-30,0.9054607,0.9054604,0.9054607,0.9054607,0.9054607,0.9054607,0.9054607,-30.02499771118164,-51.22499084472656
2024-07-31,0.44543982,0.4454401,0.44543982,0.44543982,0.44543982,0.44543982,0.44543982,-30.02499771118164,-51.22499084472656
2024-08-01,0.27350307,0.2735032,0.27350307,0.27350307,0.27350307,0.27350307,0.27350307,-30.02499771118164,-51.22499084472656
2024-08-02,0.20226443,0.20226444,0.20226443,0.20226443,0.20226443,0.20226443,0.20226443,-30.02499771118164,-51.22499084472656
2024-08-03,0.1561122,0.15626933,0.1561122,0.1561122,0.16412604,0.1561122,0.1561122,-30.02499771118164,-51.22499084472656
2024-08-04,3.1783037,2.7060273,2.5652766,0.9769696,5.7452803,1.7701344,3.5973525,-30.02499771118164,-51.22499084472656
2024-08-05,2.250873,2.766755,2.4962611,1.4945948,6.533555,2.0760968,3.2243571,-30.02499771118164,-51.22499084472656
2024-08-06,2.006076,2.310287,2.1011539,1.032357,4.4575787,1.6977394,3.0388288,-30.02499771118164,-51.22499084472656
2024-08-07,4.3333488,2.692976,2.4882202,1.0464447,5.3241186,1.8925176,3.7206678,-30.02499771118164,-51.22499084472656
2024-08-08,1.5703957,1.7147692,1.663806,1.3933158,2.491403,1.5659721,1.8119009,-30.02499771118164,-51.22499084472656
2024-08-09,0.44543982,0.44576827,0.44543982,0.44543982,0.46217716,0.44543982,0.44543982,-30.02499771118164,-51.22499084472656
2024-08-10,0.3273945,0.3273945,0.3273945,0.3273945,0.3273945,0.3273945,0.3273945,-30.02499771118164,-51.22499084472656
2024-08-11,0.24165225,0.24274117,0.24165225,0.24165225,0.29717922,0.24165225,0.24165225,-30.02499771118164,-51.22499084472656
2024-08-12,0.18850219,0.18850227,0.18850219,0.18850219,0.18850219,0.18850219,0.18850219,-30.02499771118164,-51.22499084472656
2024-08-13,0.1561122,0.1561122,0.1561122,0.1561122,0.1561122,0.1561122,0.1561122,-30.02499771118164,-51.22499084472656
2024-08-14,0.1324004,0.13240047,0.1324004,0.1324004,0.1324004,0.1324004,0.1324004,-30.02499771118164,-51.22499084472656
2024-08-15,0.10917485,0.10917477,0.10917485,0.10917485,0.10917485,0.10917485,0.10917485,-30.02499771118164,-51.22499084472656
2024-08-16,0.09395635,0.09395641,0.09395635,0.09395635,0.09395635,0.09395635,0.09395635,-30.02499771118164,-51.22499084472656
2024-08-17,0.30617082,0.3870611,0.23310483,0.07894671,1.6730063,0.14815366,0.54793227,-30.02499771118164,-51.22499084472656
2024-08-18,1.1577444,0.8726841,0.61436284,0.21059811,4.260173,0.31526652,1.0312369,-30.02499771118164,-51.22499084472656
2024-08-19,0.7021586,0.9553968,0.76605654,0.50660706,4.420009,0.569522,1.133045,-30.02499771118164,-51.22499084472656
2024-08-20,0.8113401,1.4221594,1.2646984,0.36772883,4.2119474,0.8526198,1.7607762,-30.02499771118164,-51.22499084472656
2024-08-21,0.40604758,0.41184747,0.40604758,0.40604758,0.65576994,0.40604758,0.40604758,-30.02499771118164,-51.22499084472656
2024-08-22,0.7988709,0.7381597,0.733804,0.25025904,1.7039585,0.49718687,0.9769696,-30.02499771118164,-51.22499084472656
2024-08-23,1.7101917,1.7254417,1.7039655,0.6255487,3.4565625,1.2594359,2.0269134,-30.02499771118164,-51.22499084472656
2024-08-24,0.72583795,0.7261509,0.72583795,0.72583795,0.74180686,0.72583795,0.72583795,-30.02499771118164,-51.22499084472656
2024-08-25,0.42232883,0.42232892,0.42232883,0.42232883,0.42232883,0.42232883,0.42232883,-30.02499771118164,-51.22499084472656
2024-08-26,0.27350307,0.2735032,0.27350307,0.27350307,0.27350307,0.27350307,0.27350307,-30.02499771118164,-51.22499084472656
2024-08-27,0.19398808,0.19398794,0.19398808,0.19398808,0.19398808,0.19398808,0.19398808,-30.02499771118164,-51.22499084472656
2024-08-28,0.1561122,0.15734509,0.1561122,0.1561122,0.21898961,0.1561122,0.1561122,-30.02499771118164,-51.22499084472656
2024-08-29,0.12460494,0.12460503,0.12460494,0.12460494,0.12460494,0.12460494,0.12460494,-30.02499771118164,-51.22499084472656
2024-08-30,0.101539254,0.10153918,0.101539254,0.101539254,0.101539254,0.101539254,0.101539254,-30.02499771118164,-51.22499084472656
2024-08-31,0.08642566,0.094077475,0.08642566,0.08642566,0.32129562,0.08642566,0.08642566,-30.02499771118164,-51.22499084472656
2024-09-01,1.5292981,0.9376327,0.73387754,0.07894671,2.9174187,0.40291366,1.4355967,-30.02499771118164,-51.22499084472656
2024-09-02,0.64058983,0.6405902,0.64058983,0.64058983,0.64058983,0.64058983,0.64058983,-30.02499771118164,-51.22499084472656
2024-09-03,0.17219532,0.17219539,0.17219532,0.17219532,0.17219532,0.17219532,0.17219532,-30.02499771118164,-51.22499084472656
2024-09-04,1.9991624,2.1049838,2.1952333,0.7179084,4.248075,1.6625531,2.4534678,-30.02499771118164,-51.22499084472656
2024-09-05,1.6181831,1.6700634,1.6485002,1.0941124,2.258367,1.4960425,1.8873596,-30.02499771118164,-51.22499084472656
2024-09-06,0.61808,0.6180801,0.61808,0.61808,0.61808,0.61808,0.61808,-30.02499771118164,-51.22499084472656
2024-09-07,0.3520726,0.3866452,0.3520726,0.3520726,0.9678863,0.3520726,0.3520726,-30.02499771118164,-51.22499084472656
2024-09-08,0.22743928,0.22755034,0.22743928,0.22743928,0.23310483,0.22743928,0.22743928,-30.02499771118164,-51.22499084472656
2024-09-09,0.16412604,0.2715466,0.18032062,0.16412604,0.633052,0.16412604,0.3693071,-30.02499771118164,-51.22499084472656
2024-09-10,0.1324004,0.13240047,0.1324004,0.1324004,0.1324004,0.1324004,0.1324004,-30.02499771118164,-51.22499084472656
2024-09-11,0.10917485,0.10917477,0.10917485,0.10917485,0.10917485,0.10917485,0.10917485,-30.02499771118164,-51.22499084472656
2024-09-12,1.2029264,1.7323592,1.4647707,0.22743928,5.123504,0.91009474,2.4554753,-30.02499771118164,-51.22499084472656
2024-09-13,2.8282475,3.857611,3.3252416,0.8281002,10.220183,2.2322197,5.3205075,-30.02499771118164,-51.22499084472656
2024-09-14,1.0796967,1.1110202,1.0796967,1.0796967,1.5468302,1.0796967,1.0833006,-30.02499771118164,-51.22499084472656
2024-09-15,0.5776112,0.57761145,0.5776112,0.5776112,0.5776112,0.5776112,0.5776112,-30.02499771118164,-51.22499084472656
2024-09-16,0.3520726,0.3659578,0.3520726,0.3520726,0.52405274,0.3520726,0.3520726,-30.02499771118164,-51.22499084472656
2024-09-17,0.25892544,0.25892544,0.25892544,0.25892544,0.25892544,0.25892544,0.25892544,-30.02499771118164,-51.22499084472656
2024-09-18,0.19398808,0.19398794,0.19398808,0.19398808,0.19398808,0.19398808,0.19398808,-30.02499771118164,-51.22499084472656
2024-09-19,0.3520726,0.25618228,0.16412604,0.16412604,1.1627185,0.16412604,0.21211138,-30.02499771118164,-51.22499084472656
2024-09-20,3.3451023,2.93299,2.788848,0.80301774,6.585776,1.9872804,3.9062757,-30.02499771118164,-51.22499084472656
2024-09-21,1.084491,1.096426,1.084491,1.084491,1.2181964,1.084491,1.084491,-30.02499771118164,-51.22499084472656
2024-09-22,0.5170504,0.6023635,0.5170504,0.5170504,1.6485002,0.5170504,0.5170504,-30.02499771118164,-51.22499084472656
2024-09-23,0.32129562,0.7831304,0.4032637,0.32129562,3.446313,0.32129562,1.1356087,-30.02499771118164,-51.22499084472656
2024-09-24,0.8836491,0.8654657,0.5118287,0.22743928,3.9659228,0.22743928,1.380959,-30.02499771118164,-51.22499084472656
2024-09-25,0.6710906,2.3746793,2.133294,0.61808,9.351421,1.1627185,2.8614635,-30.02499771118164,-51.22499084472656
2024-09-26,10.668097,9.691427,9.5575905,5.7608294,17.749945,7.877199,10.701874,-30.02499771118164,-51.22499084472656
2024-09-27,3.3752208,3.6092808,3.4771447,2.908409,4.970353,3.2559843,3.886875,-30.02499771118164,-51.22499084472656
2024-09-28,1.0137241,1.0137243,1.0137241,1.0137241,1.0137241,1.0137241,1.0137241,-30.02499771118164,-51.22499084472656
2024-09-29,0.6032454,0.60324514,0.6032454,0.6032454,0.6032454,0.6032454,0.6032454,-30.02499771118164,-51.22499084472656
2024-09-30,0.41253757,0.41253737,0.41253757,0.41253757,0.41253757,0.41253757,0.41253757,-30.02499771118164,-51.22499084472656
2024-10-01,1.3496327,1.9986994,1.77332,0.37404191,5.4120955,1.2021375,2.7456021,-30.02499771118164,-51.22499084472656
2024-10-02,1.1428907,1.0815294,0.92559415,0.67880404,3.0644336,0.7139709,1.3321257,-30.02499771118164,-51.22499084472656
2024-10-03,0.55596566,0.5559655,0.55596566,0.55596566,0.55596566,0.55596566,0.55596566,-30.02499771118164,-51.22499084472656
2024-10-04,0.46217716,0.46217725,0.46217716,0.46217716,0.46217716,0.46217716,0.46217716,-30.02499771118164,-51.22499084472656
2024-10-05,0.31219995,0.31219983,0.31219995,0.31219995,0.31219995,0.31219995,0.31219995,-30.02499771118164,-51.22499084472656
2024-10-06,0.24165225,0.24165241,0.24165225,0.24165225,0.24165225,0.24165225,0.24165225,-30.02499771118164,-51.22499084472656
2024-10-07,1.4378109,1.1697186,1.1232445,0.4689263,1.9716659,0.87399065,1.444868,-30.02499771118164,-51.22499084472656
2024-10-08,2.2359364,2.2582986,2.061996,1.0796967,4.7016425,1.7352688,2.6961699,-30.02499771118164,-51.22499084472656
2024-10-09,0.914256,0.8574881,0.80301774,0.80301774,1.3768401,0.80301774,0.81970084,-30.02499771118164,-51.22499084472656
2024-10-10,1.1086283,1.9588234,1.5352967,0.72583795,7.6099377,1.0941124,2.4767306,-30.02499771118164,-51.22499084472656
2024-10-11,1.1428907,2.1944783,1.8281809,0.7021586,6.533555,1.355347,2.8930202,-30.02499771118164,-51.22499084472656
2024-10-12,0.7498467,0.75493616,0.7498467,0.7498467,0.86637974,0.7498467,0.7498467,-30.02499771118164,-51.22499084472656
2024-10-13,0.6710906,0.67109084,0.6710906,0.6710906,0.6710906,0.6710906,0.6710906,-30.02499771118164,-51.22499084472656
2024-10-14,0.44543982,0.44849223,0.44543982,0.44543982,0.5776112,0.44543982,0.44543982,-30.02499771118164,-51.22499084472656
2024-10-15,0.4859357,0.9655199,0.8815428,0.33659554,2.1550047,0.5885594,1.2842937,-30.02499771118164,-51.22499084472656
2024-10-16,0.3520726,0.3600433,0.3520726,0.3520726,0.4962356,0.3520726,0.3520726,-30.02499771118164,-51.22499084472656
2024-10-17,0.29717922,0.29717922,0.29717922,0.29717922,0.29717922,0.29717922,0.29717922,-30.02499771118164,-51.22499084472656
2024-10-18,0.32129562,0.33902588,0.32129562,0.32129562,0.5848932,0.32129562,0.32129562,-30.02499771118164,-51.22499084472656
2024-10-19,0.24738348,0.24976715,0.24738348,0.24738348,0.27350307,0.24738348,0.24738348,-30.02499771118164,-51.22499084472656
2024-10-20,0.21618605,0.21618615,0.21618605,0.21618605,0.21618605,0.21618605,0.21618605,-30.02499771118164,-51.22499084472656
2024-10-21,0.17219532,0.17219539,0.17219532,0.17219532,0.17219532,0.17219532,0.17219532,-30.02499771118164,-51.22499084472656
2024-10-22,0.14024973,0.1407179,0.14024973,0.14024973,0.16412604,0.14024973,0.14024973,-30.02499771118164,-51.22499084472656
2024-10-23,0.12201846,0.13528588,0.12201846,0.12201846,0.29717922,0.12201846,0.12266508,-30.02499771118164,-51.22499084472656
2024-10-24,3.8865237,4.4159675,4.3222256,0.87068224,11.912191,2.745423,5.5542297,-30.02499771118164,-51.22499084472656
2024-10-25,1.3768401,1.4967632,1.42661,1.2594359,2.2359364,1.3334582,1.634826,-30.02499771118164,-51.22499084472656
2024-10-26,0.46217716,0.5258819,0.5170665,0.32129562,1.1478305,0.43468112,0.61435854,-30.02499771118164,-51.22499084472656
2024-10-27,0.28233063,0.28233054,0.28233063,0.28233063,0.28233063,0.28233063,0.28233063,-30.02499771118164,-51.22499084472656
2024-10-28,0.17489755,0.17489758,0.17489755,0.17489755,0.17489755,0.17489755,0.17489755,-30.02499771118164,-51.22499084472656
2024-10-29,0.1324004,0.13240047,0.1324004,0.1324004,0.1324004,0.1324004,0.1324004,-30.02499771118164,-51.22499084472656
2024-10-30,0.10917485,0.10947628,0.10917485,0.10917485,0.11686325,0.10917485,0.10917485,-30.02499771118164,-51.22499084472656
2024-10-31,0.08893013,0.08893013,0.08893013,0.08893013,0.08893013,0.08893013,0.08893013,-30.02499771118164,-51.22499084472656
2024-11-01,0.07894671,0.07894666,0.07894671,0.07894671,0.07894671,0.07894671,0.07894671,-30.02499771118164,-51.22499084472656
2024-11-02,0.071519256,0.20090604,0.08393842,0.071519256,1.1232445,0.071519256,0.20227405,-30.02499771118164,-51.22499084472656
2024-11-03,0.84926856,0.48751542,0.36931252,0.06659615,1.7989812,0.22747815,0.7241316,-30.02499771118164,-51.22499084472656
2024-11-04,0.45545912,0.48747787,0.45545912,0.45545912,0.7741895,0.45545912,0.4962356,-30.02499771118164,-51.22499084472656
2024-11-05,0.40281367,0.46398225,0.37405658,0.24165225,1.2908678,0.28528666,0.59220874,-30.02499771118164,-51.22499084472656
2024-11-06,0.29717922,0.44870123,0.36778688,0.22179961,1.4490633,0.25314116,0.55955255,-30.02499771118164,-51.22499084472656
2024-11-07,0.7538805,1.2240698,1.0654294,0.32434154,4.296634,0.72583795,1.5542029,-30.02499771118164,-51.22499084472656
2024-11-08,0.47570658,0.5534013,0.51882315,0.41253757,0.9054607,0.4613538,0.62929606,-30.02499771118164,-51.22499084472656
2024-11-09,0.39315677,0.36283973,0.33659554,0.33659554,0.64816236,0.33659554,0.37405294,-30.02499771118164,-51.22499084472656
2024-11-10,0.23026884,0.23026878,0.23026884,0.23026884,0.23026884,0.23026884,0.23026884,-30.02499771118164,-51.22499084472656
2024-11-11,0.35518944,0.48446473,0.3806185,0.14551294,1.837919,0.17219532,0.6434655,-30.02499771118164,-51.22499084472656
2024-11-12,0.40604758,0.49584237,0.4708377,0.22743928,1.0892961,0.34982046,0.58948123,-30.02499771118164,-51.22499084472656
2024-11-13,0.24165225,0.24165241,0.24165225,0.24165225,0.24165225,0.24165225,0.24165225,-30.02499771118164,-51.22499084472656
2024-11-14,0.16412604,0.16412596,0.16412604,0.16412604,0.16412604,0.16412604,0.16412604,-30.02499771118164,-51.22499084472656
2024-11-15,0.1561122,0.1561122,0.1561122,0.1561122,0.1561122,0.1561122,0.1561122,-30.02499771118164,-51.22499084472656
2024-11-16,0.11686325,0.11686325,0.11686325,0.11686325,0.11686325,0.11686325,0.11686325,-30.02499771118164,-51.22499084472656
2024-11-17,0.09395635,0.09395641,0.09395635,0.09395635,0.09395635,0.09395635,0.09395635,-30.02499771118164,-51.22499084472656
2024-11-18,0.096478224,0.34022215,0.25897878,0.07894671,1.6853445,0.12341985,0.45296583,-30.02499771118164,-51.22499084472656
2024-11-19,0.6634127,0.65046304,0.6180972,0.08642566,2.3036954,0.31296137,0.8729305,-30.02499771118164,-51.22499084472656
2024-11-20,8.682778,6.259488,6.177943,2.6475394,11.793813,4.6659923,7.385092,-30.02499771118164,-51.22499084472656
2024-11-21,2.0199516,2.0238633,2.0199516,2.0199516,2.1915379,2.0199516,2.0199516,-30.02499771118164,-51.22499084472656
2024-11-22,1.243882,1.3170408,1.2490605,0.7782794,2.784426,1.0488386,1.5177572,-30.02499771118164,-51.22499084472656
2024-11-23,0.59220874,0.5932317,0.59220874,0.59220874,0.64437175,0.59220874,0.59220874,-30.02499771118164,-51.22499084472656
2024-11-24,0.37404191,0.37404191,0.37404191,0.37404191,0.37404191,0.37404191,0.37404191,-30.02499771118164,-51.22499084472656
2024-11-25,0.2647363,0.2647362,0.2647363,0.2647363,0.2647363,0.2647363,0.2647363,-30.02499771118164,-51.22499084472656
2024-11-26,1.3823195,1.0334668,0.60880196,0.20226443,5.3095737,0.25389323,1.586735,-30.02499771118164,-51.22499084472656
2024-11-27,0.92309177,1.3945117,1.1930143,0.61435854,3.3954163,0.8082228,1.9292197,-30.02499771118164,-51.22499084472656
2024-11-28,0.6634127,1.0579792,0.9479741,0.4521116,2.8194427,0.6634127,1.3415737,-30.02499771118164,-51.22499084472656
2024-11-29,0.3001696,0.41190526,0.3001696,0.3001696,2.069022,0.3001696,0.40281367,-30.02499771118164,-51.22499084472656
2024-11-30,0.18304157,0.18949799,0.18304157,0.18304157,0.30617082,0.18304157,0.18304157,-30.02499771118164,-51.22499084472656
2024-12-01,1.6977394,2.0780237,1.4962878,0.15345323,7.336812,0.41263822,3.3585892,-30.02499771118164,-51.22499084472656
2024-12-02,4.420009,4.076968,4.0641575,1.3878112,9.069317,3.0905936,4.8861117,-30.02499771118164,-51.22499084472656
2024-12-03,1.1232445,1.1270518,1.1232445,1.1232445,1.3173947,1.1232445,1.1232445,-30.02499771118164,-51.22499084472656
2024-12-04,0.44543982,0.4454401,0.44543982,0.44543982,0.44543982,0.44543982,0.44543982,-30.02499771118164,-51.22499084472656
2024-12-05,0.2618276,0.2618275,0.2618276,0.2618276,0.2618276,0.2618276,0.2618276,-30.02499771118164,-51.22499084472656
2024-12-06,0.18032062,1.4467633,0.9164928,0.18032062,5.8706846,0.37725314,2.4198217,-30.02499771118164,-51.22499084472656
2024-12-07,0.4859357,0.79670894,0.59795576,0.14024973,5.0673633,0.3843967,0.87191737,-30.02499771118164,-51.22499084472656
2024-12-08,0.5703628,0.6518866,0.5703628,0.5703628,1.477422,0.5703628,0.6368296,-30.02499771118164,-51.22499084472656
2024-12-09,0.25025904,0.2610263,0.25025904,0.25025904,0.4859357,0.25025904,0.25025904,-30.02499771118164,-51.22499084472656
2024-12-10,0.35831344,0.35092416,0.30617082,0.18032062,1.1478305,0.23310483,0.36772883,-30.02499771118164,-51.22499084472656
2024-12-11,0.23310483,0.23498131,0.23310483,0.23310483,0.29717922,0.23310483,0.23310483,-30.02499771118164,-51.22499084472656
2024-12-12,0.1561122,0.1561122,0.1561122,0.1561122,0.1561122,0.1561122,0.1561122,-30.02499771118164,-51.22499084472656
2024-12-13,0.54525447,0.770144,0.5346536,0.11686325,2.3189447,0.24165225,1.2477704,-30.02499771118164,-51.22499084472656
2024-12-14,4.8884363,5.9264717,5.553907,2.5892193,14.205477,4.804305,6.74617,-30.02499771118164,-51.22499084472656
2024-12-15,2.6140988,3.03862,3.0318124,1.3227367,4.8344507,2.5768514,3.6211696,-30.02499771118164,-51.22499084472656
2024-12-16,3.0364542,2.9851758,2.972084,1.5292981,5.4565425,2.326701,3.4668717,-30.02499771118164,-51.22499084472656
2024-12-17,1.1037786,1.2263734,1.1652229,1.1037786,1.6730063,1.1037786,1.3120646,-30.02499771118164,-51.22499084472656
2024-12-18,0.65576994,0.6557697,0.65576994,0.65576994,0.65576994,0.65576994,0.65576994,-30.02499771118164,-51.22499084472656
2024-12-19,1.4603677,1.4613887,1.412696,0.42232883,3.9659228,0.8546072,1.9975097,-30.02499771118164,-51.22499084472656
2024-12-20,0.7660378,1.4447062,1.0394548,0.686553,4.623413,0.7782935,1.598675,-30.02499771118164,-51.22499084472656
2024-12-21,0.44543982,0.4975668,0.44543982,0.44543982,1.6485002,0.44543982,0.44543982,-30.02499771118164,-51.22499084472656
2024-12-22,4.48277,3.7561607,3.7753432,1.0090928,5.8076935,3.0598292,4.4859295,-30.02499771118164,-51.22499084472656
2024-12-23,1.4547088,1.4547089,1.4547088,1.4547088,1.4547088,1.4547088,1.4547088,-30.02499771118164,-51.22499084472656
2024-12-24,0.6634127,0.6640168,0.6634127,0.6634127,0.686553,0.6634127,0.6634127,-30.02499771118164,-51.22499084472656
2024-12-25,1.4660392,2.5045087,2.392455,1.1037786,5.353309,1.6136773,3.2304468,-30.02499771118164,-51.22499084472656
2024-12-26,0.7100153,0.7100148,0.7100153,0.7100153,0.7100153,0.7100153,0.7100153,-30.02499771118164,-51.22499084472656
2024-12-27,0.59220874,0.5922088,0.59220874,0.59220874,0.59220874,0.59220874,0.59220874,-30.02499771118164,-51.22499084472656
2024-12-28,0.38995266,0.40670025,0.38995266,0.38995266,0.5310875,0.38995266,0.40604758,-30.02499771118164,-51.22499084472656
2024-12-29,0.38995266,0.42027932,0.39800012,0.29717922,0.7021586,0.32586977,0.4834317,-30.02499771118164,-51.22499084472656
2024-12-30,0.29717922,0.30103615,0.29717922,0.29717922,0.35831344,0.29717922,0.29717922,-30.02499771118164,-51.22499084472656
2024-12-31,0.3273945,0.36826855,0.34276497,0.22743928,0.8113401,0.25675884,0.4239701,-30.02499771118164,-51.22499084472656
2025-01-01,1.4660392,0.7278908,0.5085116,0.25025904,3.226686,0.3273945,0.9952782,-30.02499771118164,-51.22499084472656
2025-01-02,1.1777098,1.2451301,0.8113401,0.64816236,5.3241186,0.67880404,1.43978,-30.02499771118164,-51.22499084472656
2025-01-03,0.4996848,0.8568559,0.56314766,0.4521116,2.908409,0.4689263,1.0115075,-30.02499771118164,-51.22499084472656
2025-01-04,0.35831344,0.35831344,0.35831344,0.35831344,0.35831344,0.35831344,0.35831344,-30.02499771118164,-51.22499084472656
2025-01-05,0.23310483,0.23587514,0.23310483,0.23310483,0.34276497,0.23310483,0.23310483,-30.02499771118164,-51.22499084472656
2025-01-06,0.2647363,0.21212988,0.18850219,0.17219532,0.42232883,0.17219532,0.25387836,-30.02499771118164,-51.22499084472656
2025-01-07,0.20226443,0.20226444,0.20226443,0.20226443,0.20226443,0.20226443,0.20226443,-30.02499771118164,-51.22499084472656
2025-01-08,0.14024973,0.13909583,0.12460494,0.12460494,0.25025904,0.12460494,0.14024973,-30.02499771118164,-51.22499084472656
2025-01-09,0.14024973,0.13630112,0.12460494,0.12460494,0.23310483,0.12460494,0.12851614,-30.02499771118164,-51.22499084472656
2025-01-10,0.10917485,0.10917477,0.10917485,0.10917485,0.10917485,0.10917485,0.10917485,-30.02499771118164,-51.22499084472656
2025-01-11,0.10917485,0.1069805,0.09395635,0.09395635,0.18850219,0.09395635,0.11303237,-30.02499771118164,-51.22499084472656
2025-01-12,0.21898961,0.20356698,0.18850219,0.09395635,0.54525447,0.12074742,0.2647363,-30.02499771118164,-51.22499084472656
2025-01-13,0.1561122,0.16771866,0.1561122,0.1561122,0.31219995,0.1561122,0.1561122,-30.02499771118164,-51.22499084472656
2025-01-14,0.07894671,0.07894666,0.07894671,0.07894671,0.07894671,0.07894671,0.07894671,-30.02499771118164,-51.22499084472656
2025-01-15,0.07894671,0.08591587,0.07894671,0.07894671,0.18850219,0.07894671,0.07894671,-30.02499771118164,-51.22499084472656
2025-01-16,0.061695576,0.07637544,0.061695576,0.061695576,0.42232883,0.061695576,0.06600836,-30.02499771118164,-51.22499084472656
2025-01-17,0.56314766,0.7947826,0.5776112,0.061695576,2.5645113,0.30473262,1.0762835,-30.02499771118164,-51.22499084472656
2025-01-18,0.38995266,0.52089113,0.4521116,0.29717922,1.7797134,0.34276497,0.64438486,-30.02499771118164,-51.22499084472656
2025-01-19,0.18850219,0.26022688,0.18034875,0.14024973,1.1086283,0.14024973,0.3009344,-30.02499771118164,-51.22499084472656
2025-01-20,0.8749945,1.2347581,1.0941124,0.18850219,4.081594,0.67130196,1.5814588,-30.02499771118164,-51.22499084472656
2025-01-21,0.43879855,0.49155453,0.4305637,0.38995266,1.1428907,0.38995266,0.53910255,-30.02499771118164,-51.22499084472656
2025-01-22,0.23310483,0.23372495,0.23310483,0.23310483,0.2647363,0.23310483,0.23310483,-30.02499771118164,-51.22499084472656
2025-01-23,0.14024973,0.14024973,0.14024973,0.14024973,0.14024973,0.14024973,0.14024973,-30.02499771118164,-51.22499084472656
2025-01-24,0.64058983,1.0046344,0.6788218,0.10917485,4.2844524,0.28233063,1.3280914,-30.02499771118164,-51.22499084472656
2025-01-25,0.59220874,0.9386938,0.82817775,0.37404191,2.7153523,0.62849456,1.1578996,-30.02499771118164,-51.22499084472656
2025-01-26,0.35831344,0.3770243,0.37404191,0.2647363,0.686553,0.28233063,0.43879855,-30.02499771118164,-51.22499084472656
2025-01-27,0.38995266,0.39792776,0.29717922,0.2647363,1.032357,0.2647363,0.41423532,-30.02499771118164,-51.22499084472656
2025-01-28,1.9241524,1.8312002,1.5644841,0.4859357,5.441693,1.0022646,2.4753895,-30.02499771118164,-51.22499084472656
2025-01-29,2.9174187,2.0812685,1.7046751,0.733804,6.798301,1.2181964,2.6963768,-30.02499771118164,-51.22499084472656
2025-01-30,0.936422,1.2389157,0.9678863,0.936422,4.248075,0.936422,1.1953702,-30.02499771118164,-51.22499084472656
2025-01-31,0.29717922,0.35302472,0.29717922,0.2647363,2.3419504,0.2647363,0.34276497,-30.02499771118164,-51.22499084472656
2025-02-01,0.3273945,0.3157084,0.29717922,0.25025904,0.7660378,0.25025904,0.3273945,-30.02499771118164,-51.22499084472656
2025-02-02,0.20226443,0.22287266,0.20226443,0.20226443,0.59220874,0.20226443,0.22251841,-30.02499771118164,-51.22499084472656
2025-02-03,0.10917485,0.1122214,0.10917485,0.10917485,0.1561122,0.10917485,0.10917485,-30.02499771118164,-51.22499084472656
2025-02-04,0.09395635,0.09395641,0.09395635,0.09395635,0.09395635,0.09395635,0.09395635,-30.02499771118164,-51.22499084472656
2025-02-05,0.07894671,0.07953527,0.07894671,0.07894671,0.09395635,0.07894671,0.07894671,-30.02499771118164,-51.22499084472656
2025-02-06,0.1561122,0.32079607,0.1723072,0.07894671,1.4831331,0.07894671,0.4689263,-30.02499771118164,-51.22499084472656
2025-02-07,0.12460494,0.1362706,0.12460494,0.12460494,0.28233063,0.12460494,0.12460494,-30.02499771118164,-51.22499084472656
2025-02-08,0.12460494,0.12460503,0.12460494,0.12460494,0.12460494,0.12460494,0.12460494,-30.02499771118164,-51.22499084472656
2025-02-09,0.10917485,0.10917477,0.10917485,0.10917485,0.10917485,0.10917485,0.10917485,-30.02499771118164,-51.22499084472656
2025-02-10,0.09395635,0.09395641,0.09395635,0.09395635,0.09395635,0.09395635,0.09395635,-30.02499771118164,-51.22499084472656
2025-02-11,0.14024973,0.19586356,0.07894671,0.07894671,1.2646441,0.07894671,0.14024973,-30.02499771118164,-51.22499084472656
2025-02-12,1.8575904,2.1522694,1.6181899,0.4521116,11.302689,1.0821955,2.713231,-30.02499771118164,-51.22499084472656
2025-02-13,1.5468302,1.9875664,1.7415816,0.7660378,5.194411,1.3611479,2.416194,-30.02499771118164,-51.22499084472656
2025-02-14,0.5310875,0.5427102,0.5310875,0.5310875,0.7021586,0.5310875,0.5310875,-30.02499771118164,-51.22499084472656
2025-02-15,0.38995266,0.9166426,0.5170504,0.29717922,4.8748937,0.31219995,1.487436,-30.02499771118164,-51.22499084472656
2025-02-16,1.4043629,1.9465684,1.1956583,0.21898961,9.592537,0.6982572,2.3651426,-30.02499771118164,-51.22499084472656
2025-02-17,8.183326,6.111121,6.4181337,1.5763211,10.040786,4.1977096,8.231031,-30.02499771118164,-51.22499084472656
2025-02-18,1.8119009,1.9156674,1.8510257,1.8119009,2.4514372,1.8119009,1.9872222,-30.02499771118164,-51.22499084472656
2025-02-19,0.4689263,0.4833599,0.4689263,0.4689263,0.7179084,0.4689263,0.4689263,-30.02499771118164,-51.22499084472656
2025-02-20,0.29717922,0.30567297,0.29717922,0.29717922,0.43879855,0.29717922,0.29717922,-30.02499771118164,-51.22499084472656
2025-02-21,0.18850219,0.18850227,0.18850219,0.18850219,0.18850219,0.18850219,0.18850219,-30.02499771118164,-51.22499084472656
2025-02-22,0.12460494,0.12460503,0.12460494,0.12460494,0.12460494,0.12460494,0.12460494,-30.02499771118164,-51.22499084472656
2025-02-23,0.09395635,0.09395641,0.09395635,0.09395635,0.09395635,0.09395635,0.09395635,-30.02499771118164,-51.22499084472656
2025-02-24,0.09395635,0.09395641,0.09395635,0.09395635,0.09395635,0.09395635,0.09395635,-30.02499771118164,-51.22499084472656
2025-02-25,0.061695576,0.08199084,0.061695576,0.061695576,0.5310875,0.061695576,0.061695576,-30.02499771118164,-51.22499084472656
2025-02-26,1.9040227,1.0137093,0.7503927,0.061695576,6.063175,0.28233063,1.6318152,-30.02499771118164,-51.22499084472656
2025-02-27,1.1232445,1.4290746,1.2181964,0.65576994,3.4977984,0.9600202,1.6931181,-30.02499771118164,-51.22499084472656
2025-02-28,0.31219995,0.46644852,0.31219995,0.28233063,1.5003455,0.28233063,0.57041293,-30.02499771118164,-51.22499084472656
2025-03-01,0.12460494,0.22644047,0.12460494,0.12460494,1.2803421,0.12460494,0.19612405,-30.02499771118164,-51.22499084472656
2025-03-02,0.1561122,0.71123147,0.21898961,0.09395635,4.223962,0.12460494,0.8287556,-30.02499771118164,-51.22499084472656
2025-03-03,0.12460494,0.12522282,0.12460494,0.12460494,0.1561122,0.12460494,0.12460494,-30.02499771118164,-51.22499084472656
2025-03-04,0.061695576,0.061695576,0.061695576,0.061695576,0.061695576,0.061695576,0.061695576,-30.02499771118164,-51.22499084472656
2025-03-05,0.061695576,0.061695576,0.061695576,0.061695576,0.061695576,0.061695576,0.061695576,-30.02499771118164,-51.22499084472656
2025-03-06,0.061695576,0.061695576,0.061695576,0.061695576,0.061695576,0.061695576,0.061695576,-30.02499771118164,-51.22499084472656
2025-03-07,0.061695576,0.061695576,0.061695576,0.061695576,0.061695576,0.061695576,0.061695576,-30.02499771118164,-51.22499084472656
2025-03-08,0.061695576,0.07647276,0.061695576,0.061695576,0.34276497,0.061695576,0.061695576,-30.02499771118164,-51.22499084472656
2025-03-09,4.688529,4.0660133,3.9659228,0.9054607,8.37562,2.9925644,4.8716564,-30.02499771118164,-51.22499084472656
2025-03-10,1.2181964,1.2279793,1.2181964,1.2181964,1.3442287,1.2181964,1.2181964,-30.02499771118164,-51.22499084472656
2025-03-11,0.25025904,0.25025913,0.25025904,0.25025904,0.25025904,0.25025904,0.25025904,-30.02499771118164,-51.22499084472656
2025-03-12,0.1561122,0.16793191,0.1561122,0.1561122,0.37404191,0.1561122,0.1561122,-30.02499771118164,-51.22499084472656
2025-03-13,0.12460494,0.13692608,0.12460494,0.12460494,0.31219995,0.12460494,0.12460494,-30.02499771118164,-51.22499084472656
2025-03-14,0.09395635,0.098815,0.09395635,0.09395635,0.18850219,0.09395635,0.09395635,-30.02499771118164,-51.22499084472656
2025-03-15,0.061695576,0.061695576,0.061695576,0.061695576,0.061695576,0.061695576,0.061695576,-30.02499771118164,-51.22499084472656
2025-03-16,0.25025904,0.15132791,0.14035857,0.061695576,0.6255487,0.061695576,0.18850219,-30.02499771118164,-51.22499084472656
2025-03-17,0.5310875,0.3316482,0.21898961,0.1561122,1.5292981,0.1561122,0.3505842,-30.02499771118164,-51.22499084472656
2025-03-18,0.34276497,0.37021524,0.31219995,0.25025904,0.8749945,0.25025904,0.41423532,-30.02499771118164,-51.22499084472656
2025-03-19,0.12460494,0.12460503,0.12460494,0.12460494,0.12460494,0.12460494,0.12460494,-30.02499771118164,-51.22499084472656
2025-03-20,0.061695576,0.061695576,0.061695576,0.061695576,0.061695576,0.061695576,0.061695576,-30.02499771118164,-51.22499084472656
2025-03-21,0.061695576,0.061695576,0.061695576,0.061695576,0.061695576,0.061695576,0.061695576,-30.02499771118164,-51.22499084472656
2025-03-22,0.061695576,0.07029094,0.061695576,0.061695576,0.34276497,0.061695576,0.061695576,-30.02499771118164,-51.22499084472656
2025-03-23,0.061695576,0.093095675,0.061695576,0.061695576,1.1577444,0.061695576,0.061695576,-30.02499771118164,-51.22499084472656
2025-03-24,0.061695576,0.069152966,0.061695576,0.061695576,0.28233063,0.061695576,0.061695576,-30.02499771118164,-51.22499084472656
2025-03-25,0.061695576,0.107935406,0.061695576,0.061695576,0.7823787,0.061695576,0.09395635,-30.02499771118164,-51.22499084472656
2025-03-26,0.061695576,0.06296071,0.061695576,0.061695576,0.09395635,0.061695576,0.061695576,-30.02499771118164,-51.22499084472656
2025-03-27,0.09395635,0.19374642,0.061695576,0.061695576,1.3120646,0.061695576,0.22680697,-30.02499771118164,-51.22499084472656
2025-03-28,0.09395635,0.2494196,0.1561122,0.09395635,0.9054607,0.09395635,0.37404191,-30.02499771118164,-51.22499084472656
2025-03-29,0.18850219,0.20125088,0.18850219,0.18850219,0.37404191,0.18850219,0.18850219,-30.02499771118164,-51.22499084472656
2025-03-30,0.21898961,0.21898946,0.21898961,0.21898961,0.21898961,0.21898961,0.21898961,-30.02499771118164,-51.22499084472656
2025-03-31,1.032357,1.157968,0.8439197,0.12460494,3.59198,0.4452052,1.6630921,-30.02499771118164,-51.22499084472656
2025-04-01,0.59220874,0.670175,0.6711615,0.40604758,1.0606298,0.5551326,0.8113401,-30.02499771118164,-51.22499084472656
2025-04-02,2.5974934,2.3204722,1.9376497,0.34276497,10.830415,1.304134,2.8615406,-30.02499771118164,-51.22499084472656
2025-04-03,1.2181964,1.4046547,1.2646984,0.8113401,2.810658,1.1491194,1.5644841,-30.02499771118164,-51.22499084472656
2025-04-04,0.37404191,0.38772798,0.37404191,0.37404191,0.5310875,0.37404191,0.37404191,-30.02499771118164,-51.22499084472656
2025-04-05,0.37404191,0.38956398,0.37404191,0.37404191,0.5310875,0.37404191,0.37404191,-30.02499771118164,-51.22499084472656
2025-04-06,0.18850219,0.18850227,0.18850219,0.18850219,0.18850219,0.18850219,0.18850219,-30.02499771118164,-51.22499084472656
2025-04-07,0.7498467,0.84141576,0.7968594,0.28233063,1.844461,0.59220874,1.0150539,-30.02499771118164,-51.22499084472656
2025-04-08,8.727471,8.40638,8.561085,5.7764144,12.963683,7.2035813,9.393265,-30.02499771118164,-51.22499084472656
2025-04-09,1.9716659,2.2922623,2.0761294,1.8773983,4.4325037,1.9631618,2.4435267,-30.02499771118164,-51.22499084472656
2025-04-10,0.59220874,0.7702181,0.686553,0.59220874,1.7164392,0.6172137,0.8197589,-30.02499771118164,-51.22499084472656
2025-04-11,0.4689263,0.6137943,0.34276497,0.28233063,4.223962,0.28233063,0.6236336,-30.02499771118164,-51.22499084472656
2025-04-12,0.28233063,0.37849587,0.28233063,0.28233063,2.3419504,0.28233063,0.37404191,-30.02499771118164,-51.22499084472656
2025-04-13,1.4378109,1.6612297,1.4831923,0.25025904,4.662393,1.1263976,2.0641696,-30.02499771118164,-51.22499084472656
2025-04-14,0.56314766,0.56314796,0.56314766,0.56314766,0.56314766,0.56314766,0.56314766,-30.02499771118164,-51.22499084472656
2025-04-15,0.21898961,0.21898946,0.21898961,0.21898961,0.21898961,0.21898961,0.21898961,-30.02499771118164,-51.22499084472656
2025-04-16,0.12460494,0.14295845,0.12460494,0.12460494,1.0606298,0.12460494,0.12460494,-30.02499771118164,-51.22499084472656
2025-04-17,0.09395635,0.09395641,0.09395635,0.09395635,0.09395635,0.09395635,0.09395635,-30.02499771118164,-51.22499084472656
2025-04-18,0.09395635,0.15770544,0.09395635,0.09395635,0.99986184,0.09395635,0.09395635,-30.02499771118164,-51.22499084472656
2025-04-19,0.43879855,0.38092205,0.23462433,0.061695576,1.4378109,0.08589116,0.60809904,-30.02499771118164,-51.22499084472656
2025-04-20,0.25025904,0.25025913,0.25025904,0.25025904,0.25025904,0.25025904,0.25025904,-30.02499771118164,-51.22499084472656
2025-04-21,0.061695576,0.061695576,0.061695576,0.061695576,0.061695576,0.061695576,0.061695576,-30.02499771118164,-51.22499084472656
2025-04-22,0.061695576,0.061695576,0.061695576,0.061695576,0.061695576,0.061695576,0.061695576,-30.02499771118164,-51.22499084472656
2025-04-23,0.061695576,0.061695576,0.061695576,0.061695576,0.061695576,0.061695576,0.061695576,-30.02499771118164,-51.22499084472656
2025-04-24,0.061695576,0.061695576,0.061695576,0.061695576,0.061695576,0.061695576,0.061695576,-30.02499771118164,-51.22499084472656
2025-04-25,0.061695576,0.061695576,0.061695576,0.061695576,0.061695576,0.061695576,0.061695576,-30.02499771118164,-51.22499084472656
2025-04-26,0.061695576,0.061695576,0.061695576,0.061695576,0.061695576,0.061695576,0.061695576,-30.02499771118164,-51.22499084472656
2025-04-27,1.8773983,1.4505544,1.0941124,0.12460494,5.8706846,0.63987964,2.1934156,-30.02499771118164,-51.22499084472656
2025-04-28,0.65576994,0.6839078,0.65576994,0.65576994,1.1877615,0.65576994,0.65576994,-30.02499771118164,-51.22499084472656
2025-04-29,0.1561122,0.1561122,0.1561122,0.1561122,0.1561122,0.1561122,0.1561122,-30.02499771118164,-51.22499084472656
2025-04-30,0.1561122,0.1561122,0.1561122,0.1561122,0.1561122,0.1561122,0.1561122,-30.02499771118164,-51.22499084472656
2025-05-01,0.12460494,0.12460503,0.12460494,0.12460494,0.12460494,0.12460494,0.12460494,-30.02499771118164,-51.22499084472656
2025-05-02,0.09395635,0.09395641,0.09395635,0.09395635,0.09395635,0.09395635,0.09395635,-30.02499771118164,-51.22499084472656
2025-05-03,0.061695576,0.061695576,0.061695576,0.061695576,0.061695576,0.061695576,0.061695576,-30.02499771118164,-51.22499084472656
2025-05-04,0.061695576,0.061695576,0.061695576,0.061695576,0.061695576,0.061695576,0.061695576,-30.02499771118164,-51.22499084472656
2025-05-05,0.061695576,0.061695576,0.061695576,0.061695576,0.061695576,0.061695576,0.061695576,-30.02499771118164,-51.22499084472656
2025-05-06,0.061695576,0.06232814,0.061695576,0.061695576,0.09395635,0.061695576,0.061695576,-30.02499771118164,-51.22499084472656
2025-05-07,0.061695576,0.06416261,0.061695576,0.061695576,0.12460494,0.061695576,0.061695576,-30.02499771118164,-51.22499084472656
2025-05-08,0.061695576,0.11831103,0.061695576,0.061695576,0.686553,0.061695576,0.12460494,-30.02499771118164,-51.22499084472656
2025-05-09,9.839269,10.497685,9.965248,4.3088446,19.701412,7.5476046,13.416677,-30.02499771118164,-51.22499084472656
2025-05-10,2.0338912,2.0535395,2.0338912,2.0338912,2.2210689,2.0338912,2.0619636,-30.02499771118164,-51.22499084472656
2025-05-11,0.43879855,0.44475588,0.43879855,0.43879855,0.5310875,0.43879855,0.43879855,-30.02499771118164,-51.22499084472656
2025-05-12,0.21898961,0.21898946,0.21898961,0.21898961,0.21898961,0.21898961,0.21898961,-30.02499771118164,-51.22499084472656
2025-05-13,0.12460494,0.12460503,0.12460494,0.12460494,0.12460494,0.12460494,0.12460494,-30.02499771118164,-51.22499084472656
2025-05-14,0.09395635,0.09395641,0.09395635,0.09395635,0.09395635,0.09395635,0.09395635,-30.02499771118164,-51.22499084472656
2025-05-15,0.09395635,0.09395641,0.09395635,0.09395635,0.09395635,0.09395635,0.09395635,-30.02499771118164,-51.22499084472656
2025-05-16,0.061695576,0.061695576,0.061695576,0.061695576,0.061695576,0.061695576,0.061695576,-30.02499771118164,-51.22499084472656
2025-05-17,0.061695576,0.061695576,0.061695576,0.061695576,0.061695576,0.061695576,0.061695576,-30.02499771118164,-51.22499084472656
2025-05-18,0.37404191,0.50511,0.31219995,0.061695576,3.3151908,0.09395635,0.77363884,-30.02499771118164,-51.22499084472656
2025-05-19,1.1577444,1.2379713,1.1232445,0.5310875,2.4673686,0.92106515,1.4378109,-30.02499771118164,-51.22499084472656
2025-05-20,2.311311,1.6280023,1.5148218,0.43879855,4.0350065,0.936422,2.3267016,-30.02499771118164,-51.22499084472656
2025-05-21,0.686553,0.6865535,0.686553,0.686553,0.686553,0.686553,0.686553,-30.02499771118164,-51.22499084472656
2025-05-22,0.28233063,0.28233054,0.28233063,0.28233063,0.28233063,0.28233063,0.28233063,-30.02499771118164,-51.22499084472656
2025-05-23,0.09395635,0.09395641,0.09395635,0.09395635,0.09395635,0.09395635,0.09395635,-30.02499771118164,-51.22499084472656
2025-05-24,0.18850219,0.43015617,0.18850219,0.09395635,2.6897757,0.09395635,0.5311718,-30.02499771118164,-51.22499084472656
2025-05-25,0.37404191,1.1981541,0.936422,0.12460494,4.495409,0.43879855,1.5292981,-30.02499771118164,-51.22499084472656
2025-05-26,0.31219995,1.1641889,0.7968594,0.25025904,5.8706846,0.4306108,1.5465953,-30.02499771118164,-51.22499084472656
2025-05-27,0.9054607,1.1712264,1.0773711,0.34276497,2.7153523,0.8293562,1.523804,-30.02499771118164,-51.22499084472656
2025-05-28,10.776059,7.7667303,7.42365,3.3451023,13.757067,6.5295224,9.005763,-30.02499771118164,-51.22499084472656
2025-05-29,14.922088,11.034843,11.051157,5.591739,16.33804,9.351421,12.971899,-30.02499771118164,-51.22499084472656
2025-05-30,2.908409,2.90841,2.908409,2.908409,2.908409,2.908409,2.908409,-30.02499771118164,-51.22499084472656
2025-05-31,0.7823787,0.782379,0.7823787,0.7823787,0.7823787,0.7823787,0.7823787,-30.02499771118164,-51.22499084472656
2025-06-01,0.40604758,0.40604773,0.40604758,0.40604758,0.40604758,0.40604758,0.40604758,-30.02499771118164,-51.22499084472656
2025-06-02,0.25025904,0.25025913,0.25025904,0.25025904,0.25025904,0.25025904,0.25025904,-30.02499771118164,-51.22499084472656
2025-06-03,0.18850219,0.29596525,0.18850219,0.18850219,1.032357,0.18850219,0.28233063,-30.02499771118164,-51.22499084472656
2025-06-04,0.1561122,0.1561122,0.1561122,0.1561122,0.1561122,0.1561122,0.1561122,-30.02499771118164,-51.22499084472656
2025-06-05,0.40604758,1.0008723,0.67172855,0.18850219,6.780365,0.37404191,1.3991399,-30.02499771118164,-51.22499084472656
2025-06-06,0.25025904,0.25025913,0.25025904,0.25025904,0.25025904,0.25025904,0.25025904,-30.02499771118164,-51.22499084472656
2025-06-07,0.34276497,0.34276494,0.34276497,0.34276497,0.34276497,0.34276497,0.34276497,-30.02499771118164,-51.22499084472656
2025-06-08,0.21898961,0.22023143,0.21898961,0.21898961,0.28233063,0.21898961,0.21898961,-30.02499771118164,-51.22499084472656
2025-06-09,0.1561122,0.1561122,0.1561122,0.1561122,0.1561122,0.1561122,0.1561122,-30.02499771118164,-51.22499084472656
2025-06-10,0.12460494,0.12460503,0.12460494,0.12460494,0.12460494,0.12460494,0.12460494,-30.02499771118164,-51.22499084472656
2025-06-11,0.09395635,0.09395641,0.09395635,0.09395635,0.09395635,0.09395635,0.09395635,-30.02499771118164,-51.22499084472656
2025-06-12,0.09395635,0.09395641,0.09395635,0.09395635,0.09395635,0.09395635,0.09395635,-30.02499771118164,-51.22499084472656
2025-06-13,0.061695576,0.061695576,0.061695576,0.061695576,0.061695576,0.061695576,0.061695576,-30.02499771118164,-51.22499084472656
2025-06-14,1.5292981,1.2745404,1.3120646,0.1561122,2.5645113,0.8674997,1.6853445,-30.02499771118164,-51.22499084472656
2025-06-15,1.5003455,2.19774,2.1841977,0.99986184,3.8752851,1.803854,2.5974934,-30.02499771118164,-51.22499084472656
2025-06-16,0.4689263,0.49402818,0.4689263,0.4689263,1.2181964,0.4689263,0.4689263,-30.02499771118164,-51.22499084472656
2025-06-17,3.1209755,4.221288,3.7789176,0.31219995,14.170504,1.9922882,5.9487867,-30.02499771118164,-51.22499084472656
2025-06-18,13.2889385,10.269898,10.376273,5.151768,14.776111,8.753655,11.941958,-30.02499771118164,-51.22499084472656
2025-06-19,5.591739,5.598254,5.4120955,4.000345,8.506047,5.0186744,6.0309477,-30.02499771118164,-51.22499084472656
2025-06-20,2.6559482,4.392412,4.123123,2.372873,8.036494,3.560369,5.2592416,-30.02499771118164,-51.22499084472656
2025-06-21,1.1877615,1.1920321,1.1877615,1.1877615,1.3442287,1.1877615,1.1877615,-30.02499771118164,-51.22499084472656
2025-06-22,1.2803421,1.0931295,0.9678863,0.8113401,1.8773983,0.8450154,1.2568765,-30.02499771118164,-51.22499084472656
2025-06-23,1.5176768,1.9189992,1.8674943,0.9054607,4.1760683,1.4634404,2.2962022,-30.02499771118164,-51.22499084472656
2025-06-24,0.7498467,0.74984705,0.7498467,0.7498467,0.7498467,0.7498467,0.7498467,-30.02499771118164,-51.22499084472656
2025-06-25,0.5170504,0.51705027,0.5170504,0.5170504,0.5170504,0.5170504,0.5170504,-30.02499771118164,-51.22499084472656
2025-06-26,1.5763211,0.9302294,0.8429523,0.37404191,2.5156045,0.6519749,1.1466041,-30.02499771118164,-51.22499084472656
2025-06-27,0.7660378,0.76603734,0.7660378,0.7660378,0.7660378,0.7660378,0.7660378,-30.02499771118164,-51.22499084472656
2025-06-28,3.920395,4.390019,4.413805,2.7931497,6.3790417,3.772604,4.9946055,-30.02499771118164,-51.22499084472656
2025-06-29,4.407543,4.835464,4.794287,3.325138,6.726806,4.029223,5.4268775,-30.02499771118164,-51.22499084472656
2025-06-30,1.5176768,1.5199766,1.5176768,1.5176768,1.5941794,1.5176768,1.5176768,-30.02499771118164,-51.22499084472656
2025-07-01,0.7498467,0.74984705,0.7498467,0.7498467,0.7498467,0.7498467,0.7498467,-30.02499771118164,-51.22499084472656
2025-07-02,0.5310875,0.5310877,0.5310875,0.5310875,0.5310875,0.5310875,0.5310875,-30.02499771118164,-51.22499084472656
2025-07-03,0.38995266,0.38995278,0.38995266,0.38995266,0.38995266,0.38995266,0.38995266,-30.02499771118164,-51.22499084472656
2025-07-04,0.31219995,0.31219983,0.31219995,0.31219995,0.31219995,0.31219995,0.31219995,-30.02499771118164,-51.22499084472656
2025-07-05,0.2647363,0.2647362,0.2647363,0.2647363,0.2647363,0.2647363,0.2647363,-30.02499771118164,-51.22499084472656
2025-07-06,0.21898961,0.21898946,0.21898961,0.21898961,0.21898961,0.21898961,0.21898961,-30.02499771118164,-51.22499084472656
2025-07-07,0.18850219,0.18850227,0.18850219,0.18850219,0.18850219,0.18850219,0.18850219,-30.02499771118164,-51.22499084472656
2025-07-08,0.1561122,0.17508619,0.1561122,0.1561122,0.733804,0.1561122,0.1561122,-30.02499771118164,-51.22499084472656
2025-07-09,0.12460494,0.12460503,0.12460494,0.12460494,0.12460494,0.12460494,0.12460494,-30.02499771118164,-51.22499084472656
2025-07-10,0.10917485,0.10917477,0.10917485,0.10917485,0.10917485,0.10917485,0.10917485,-30.02499771118164,-51.22499084472656
2025-07-11,0.09395635,0.09395641,0.09395635,0.09395635,0.09395635,0.09395635,0.09395635,-30.02499771118164,-51.22499084472656
2025-07-12,0.07894671,0.07894666,0.07894671,0.07894671,0.07894671,0.07894671,0.07894671,-30.02499771118164,-51.22499084472656
2025-07-13,0.07894671,0.08258958,0.07894671,0.07894671,0.2647363,0.07894671,0.07894671,-30.02499771118164,-51.22499084472656
2025-07-14,0.07894671,0.7453746,0.3046896,0.061695576,4.956621,0.061695576,1.0833006,-30.02499771118164,-51.22499084472656
2025-07-15,0.07894671,0.07894666,0.07894671,0.07894671,0.07894671,0.07894671,0.07894671,-30.02499771118164,-51.22499084472656
2025-07-16,0.23310483,0.23310472,0.23310483,0.23310483,0.23310483,0.23310483,0.23310483,-30.02499771118164,-51.22499084472656
2025-07-17,0.9054607,0.98228186,0.9678863,0.38995266,1.6853445,0.72589266,1.2298083,-30.02499771118164,-51.22499084472656
2025-07-18,1.1577444,1.2082603,1.1330676,0.61064565,2.1405087,0.918684,1.4240556,-30.02499771118164,-51.22499084472656
2025-07-19,0.4996848,0.49968514,0.4996848,0.4996848,0.4996848,0.4996848,0.4996848,-30.02499771118164,-51.22499084472656
2025-07-20,0.28233063,0.28233054,0.28233063,0.28233063,0.28233063,0.28233063,0.28233063,-30.02499771118164,-51.22499084472656
2025-07-21,0.18850219,0.18850227,0.18850219,0.18850219,0.18850219,0.18850219,0.18850219,-30.02499771118164,-51.22499084472656
2025-07-22,0.14024973,0.14024973,0.14024973,0.14024973,0.14024973,0.14024973,0.14024973,-30.02499771118164,-51.22499084472656
2025-07-23,0.10917485,0.10917477,0.10917485,0.10917485,0.10917485,0.10917485,0.10917485,-30.02499771118164,-51.22499084472656
2025-07-24,0.20226443,0.28788304,0.19538331,0.09395635,1.0606298,0.09395635,0.40604758,-30.02499771118164,-51.22499084472656
2025-07-25,0.1561122,0.1561122,0.1561122,0.1561122,0.1561122,0.1561122,0.1561122,-30.02499771118164,-51.22499084472656
2025-07-26,0.20226443,0.61367273,0.55420107,0.09395635,2.1695673,0.31984067,0.8155301,-30.02499771118164,-51.22499084472656
2025-07-27,12.520727,7.930398,7.630907,4.260173,16.418072,5.986763,9.883083,-30.02499771118164,-51.22499084472656
2025-07-28,4.3951063,4.939255,4.874909,3.3551188,7.1846476,4.508251,5.3753037,-30.02499771118164,-51.22499084472656
2025-07-29,1.2803421,1.2819134,1.2803421,1.2803421,1.3604782,1.2803421,1.2803421,-30.02499771118164,-51.22499084472656
2025-07-30,0.7179084,0.7179085,0.7179084,0.7179084,0.7179084,0.7179084,0.7179084,-30.02499771118164,-51.22499084472656
2025-07-31,0.4859357,0.48593536,0.4859357,0.4859357,0.4859357,0.4859357,0.4859357,-30.02499771118164,-51.22499084472656
2025-08-01,0.37404191,0.37404191,0.37404191,0.37404191,0.37404191,0.37404191,0.37404191,-30.02499771118164,-51.22499084472656
2025-08-02,0.936422,0.6830678,0.49281025,0.29717922,3.2364292,0.33512372,0.8061782,-30.02499771118164,-51.22499084472656
2025-08-03,4.8076444,3.682702,3.5081787,1.4660392,9.3992,2.5553603,4.3796244,-30.02499771118164,-51.22499084472656
2025-08-04,5.516284,4.891837,4.8884363,2.7325017,7.4333477,3.8865237,5.811699,-30.02499771118164,-51.22499084472656
2025-08-05,2.4355795,2.4430535,2.3496633,1.844461,3.655861,2.1477735,2.672823,-30.02499771118164,-51.22499084472656
2025-08-06,0.8281002,0.8290202,0.8281002,0.8281002,0.8749945,0.8281002,0.8281002,-30.02499771118164,-51.22499084472656
2025-08-07,5.729767,2.1661084,1.7041376,0.43879855,6.798301,1.1788048,3.2222362,-30.02499771118164,-51.22499084472656
2025-08-08,2.8282475,3.0207806,2.903935,2.1550047,4.2844524,2.6771195,3.4258838,-30.02499771118164,-51.22499084472656
2025-08-09,0.7498467,0.85259706,0.8281002,0.7498467,1.1877615,0.7498467,0.89562297,-30.02499771118164,-51.22499084472656
2025-08-10,0.40604758,0.40604773,0.40604758,0.40604758,0.40604758,0.40604758,0.40604758,-30.02499771118164,-51.22499084472656
2025-08-11,0.29717922,0.29717922,0.29717922,0.29717922,0.29717922,0.29717922,0.29717922,-30.02499771118164,-51.22499084472656
2025-08-12,0.23310483,0.23310472,0.23310483,0.23310483,0.23310483,0.23310483,0.23310483,-30.02499771118164,-51.22499084472656
2025-08-13,0.18850219,0.18850227,0.18850219,0.18850219,0.18850219,0.18850219,0.18850219,-30.02499771118164,-51.22499084472656
2025-08-14,0.1561122,0.1561122,0.1561122,0.1561122,0.1561122,0.1561122,0.1561122,-30.02499771118164,-51.22499084472656
2025-08-15,0.14024973,0.14149818,0.14024973,0.14024973,0.17219532,0.14024973,0.14024973,-30.02499771118164,-51.22499084472656
2025-08-16,0.12460494,0.12460503,0.12460494,0.12460494,0.12460494,0.12460494,0.12460494,-30.02499771118164,-51.22499084472656
2025-08-17,0.09395635,0.19880538,0.09395635,0.09395635,1.4043629,0.09395635,0.1557534,-30.02499771118164,-51.22499084472656
2025-08-18,0.09395635,0.09395641,0.09395635,0.09395635,0.09395635,0.09395635,0.09395635,-30.02499771118164,-51.22499084472656
2025-08-19,0.07894671,0.08832547,0.07894671,0.07894671,0.25025904,0.07894671,0.07894671,-30.02499771118164,-51.22499084472656
2025-08-20,1.1232445,0.73696995,0.7498467,0.20226443,1.6424086,0.512709,0.8749945,-30.02499771118164,-51.22499084472656
2025-08-21,0.54525447,0.5452543,0.54525447,0.54525447,0.54525447,0.54525447,0.54525447,-30.02499771118164,-51.22499084472656
2025-08-22,0.59220874,1.0842434,1.0701632,0.20226443,2.8282475,0.569522,1.4936097,-30.02499771118164,-51.22499084472656
2025-08-23,2.1117163,2.7099373,2.5484726,0.8578044,5.4268775,2.1028113,3.156814,-30.02499771118164,-51.22499084472656
2025-08-24,0.9054607,0.9058061,0.9054607,0.9054607,0.92309177,0.9054607,0.9054607,-30.02499771118164,-51.22499084472656
2025-08-25,0.4859357,0.48593536,0.4859357,0.4859357,0.4859357,0.4859357,0.4859357,-30.02499771118164,-51.22499084472656
2025-08-26,0.30617082,0.3061707,0.30617082,0.30617082,0.30617082,0.30617082,0.30617082,-30.02499771118164,-51.22499084472656
2025-08-27,0.21898961,0.21898946,0.21898961,0.21898961,0.21898961,0.21898961,0.21898961,-30.02499771118164,-51.22499084472656
2025-08-28,0.17219532,0.17219539,0.17219532,0.17219532,0.17219532,0.17219532,0.17219532,-30.02499771118164,-51.22499084472656
2025-08-29,0.1324004,0.13240047,0.1324004,0.1324004,0.1324004,0.1324004,0.1324004,-30.02499771118164,-51.22499084472656
2025-08-30,0.10917485,0.10917477,0.10917485,0.10917485,0.10917485,0.10917485,0.10917485,-30.02499771118164,-51.22499084472656
2025-08-31,0.09395635,0.09395641,0.09395635,0.09395635,0.09395635,0.09395635,0.09395635,-30.02499771118164,-51.22499084472656
2025-09-01,0.07894671,0.07894666,0.07894671,0.07894671,0.07894671,0.07894671,0.07894671,-30.02499771118164,-51.22499084472656
2025-09-02,0.071519256,0.073734395,0.071519256,0.071519256,0.12460494,0.071519256,0.071519256,-30.02499771118164,-51.22499084472656
2025-09-03,0.061695576,0.27086586,0.14024973,0.061695576,1.3768401,0.061695576,0.41423532,-30.02499771118164,-51.22499084472656
2025-09-04,5.5463614,6.4291353,5.974406,3.6025658,11.302689,5.088368,7.80051,-30.02499771118164,-51.22499084472656
2025-09-05,1.8840315,2.2429829,2.1841977,1.6668587,3.655861,1.9751424,2.4316335,-30.02499771118164,-51.22499084472656
2025-09-06,0.8113401,0.8125884,0.8113401,0.8113401,0.8749945,0.8113401,0.8113401,-30.02499771118164,-51.22499084472656
2025-09-07,0.43879855,0.43879873,0.43879855,0.43879855,0.43879855,0.43879855,0.43879855,-30.02499771118164,-51.22499084472656
2025-09-08,4.61048,3.3725579,3.3954163,1.8840315,5.5463614,2.8415003,3.855876,-30.02499771118164,-51.22499084472656
2025-09-09,4.1168184,4.4365244,4.2966485,2.9627802,6.396053,4.0817556,4.8791265,-30.02499771118164,-51.22499084472656
2025-09-10,1.2594359,1.2594366,1.2594359,1.2594359,1.2594359,1.2594359,1.2594359,-30.02499771118164,-51.22499084472656
2025-09-11,0.8281002,0.8281006,0.8281002,0.8281002,0.8281002,0.8281002,0.8281002,-30.02499771118164,-51.22499084472656
2025-09-12,0.52405274,0.52405304,0.52405274,0.52405274,0.52405274,0.52405274,0.52405274,-30.02499771118164,-51.22499084472656
2025-09-13,0.38995266,0.38995278,0.38995266,0.38995266,0.38995266,0.38995266,0.38995266,-30.02499771118164,-51.22499084472656
2025-09-14,0.30617082,0.3061707,0.30617082,0.30617082,0.30617082,0.30617082,0.30617082,-30.02499771118164,-51.22499084472656
2025-09-15,0.7988709,1.4405413,1.2207649,0.25025904,3.6131754,0.7398061,1.8971086,-30.02499771118164,-51.22499084472656
2025-09-16,0.47570658,0.7511557,0.54525447,0.47570658,2.5156045,0.47570658,0.95772624,-30.02499771118164,-51.22499084472656
2025-09-17,0.4927944,0.4927942,0.4927944,0.4927944,0.4927944,0.4927944,0.4927944,-30.02499771118164,-51.22499084472656
2025-09-18,0.33659554,0.33659554,0.33659554,0.33659554,0.33659554,0.33659554,0.33659554,-30.02499771118164,-51.22499084472656
2025-09-19,0.25025904,0.25025913,0.25025904,0.25025904,0.25025904,0.25025904,0.25025904,-30.02499771118164,-51.22499084472656
2025-09-20,0.733804,0.6985521,0.52055156,0.19398808,3.1879354,0.24165225,1.0011823,-30.02499771118164,-51.22499084472656
2025-09-21,5.338697,5.1413755,4.74118,2.047895,11.161861,3.3377104,6.198636,-30.02499771118164,-51.22499084472656
2025-09-22,4.9429216,5.0288887,5.123504,2.6897757,6.780365,4.4954524,5.652732,-30.02499771118164,-51.22499084472656
2025-09-23,1.9991624,1.9991614,1.9991624,1.9991624,1.9991624,1.9991624,1.9991624,-30.02499771118164,-51.22499084472656
2025-09-24,1.2490547,1.2490542,1.2490547,1.2490547,1.2490547,1.2490547,1.2490547,-30.02499771118164,-51.22499084472656
2025-09-25,0.8535316,0.85353124,0.8535316,0.8535316,0.8535316,0.8535316,0.8535316,-30.02499771118164,-51.22499084472656
2025-09-26,0.65576994,0.6557697,0.65576994,0.65576994,0.65576994,0.65576994,0.65576994,-30.02499771118164,-51.22499084472656
2025-09-27,0.52405274,0.5293986,0.52405274,0.52405274,0.65576994,0.52405274,0.52405274,-30.02499771118164,-51.22499084472656
2025-09-28,1.243882,1.4574924,1.3988328,0.61808,2.7931497,1.228435,1.7039585,-30.02499771118164,-51.22499084472656
2025-09-29,0.7179084,0.7179085,0.7179084,0.7179084,0.7179084,0.7179084,0.7179084,-30.02499771118164,-51.22499084472656
2025-09-30,1.2490547,1.3626202,1.0869045,0.42232883,5.0255957,0.7906058,1.6899979,-30.02499771118164,-51.22499084472656
2025-10-01,0.67880404,0.7465361,0.72187316,0.67880404,1.0090928,0.67880404,0.7937088,-30.02499771118164,-51.22499084472656
2025-10-02,0.61064565,0.6145771,0.61064565,0.61064565,0.7660378,0.61064565,0.61064565,-30.02499771118164,-51.22499084472656
2025-10-03,1.1428907,1.0110894,0.86433226,0.42232883,3.1209755,0.62182295,1.2374873,-30.02499771118164,-51.22499084472656
2025-10-04,0.6255487,0.7294352,0.6255487,0.6255487,1.7861211,0.6255487,0.75389445,-30.02499771118164,-51.22499084472656
2025-10-05,0.31219995,0.38790676,0.31219995,0.31219995,1.4945948,0.31219995,0.3536328,-30.02499771118164,-51.22499084472656
2025-10-06,5.0394864,4.1672072,3.8641238,1.8840315,8.93116,3.297942,5.0083046,-30.02499771118164,-51.22499084472656
2025-10-07,1.6001594,1.600866,1.6001594,1.6001594,1.6242185,1.6001594,1.6001594,-30.02499771118164,-51.22499084472656
2025-10-08,0.61808,0.6180801,0.61808,0.61808,0.61808,0.61808,0.61808,-30.02499771118164,-51.22499084472656
2025-10-09,0.39958727,0.39958745,0.39958727,0.39958727,0.39958727,0.39958727,0.39958727,-30.02499771118164,-51.22499084472656
2025-10-10,0.29717922,0.29717922,0.29717922,0.29717922,0.29717922,0.29717922,0.29717922,-30.02499771118164,-51.22499084472656
2025-10-11,0.23310483,0.23310472,0.23310483,0.23310483,0.23310483,0.23310483,0.23310483,-30.02499771118164,-51.22499084472656
2025-10-12,3.0364542,2.2687867,2.2810311,0.27350307,5.918309,1.4885631,2.9949176,-30.02499771118164,-51.22499084472656
2025-10-13,1.1627185,1.2254575,1.1627185,1.0941124,2.4514372,1.0941124,1.2646441,-30.02499771118164,-51.22499084472656
2025-10-14,0.18032062,0.1803207,0.18032062,0.18032062,0.18032062,0.18032062,0.18032062,-30.02499771118164,-51.22499084472656
2025-10-15,0.12460494,0.12460503,0.12460494,0.12460494,0.12460494,0.12460494,0.12460494,-30.02499771118164,-51.22499084472656
2025-10-16,0.41253757,0.82697815,0.64816236,0.10917485,7.0537844,0.26769206,0.889102,-30.02499771118164,-51.22499084472656
2025-10-17,5.9023976,1.6171741,1.0655771,0.2647363,7.8104887,0.57399535,1.9090551,-30.02499771118164,-51.22499084472656
2025-10-18,2.981072,3.2276015,3.1114974,2.0549212,5.353309,2.6560638,3.6158342,-30.02499771118164,-51.22499084472656
2025-10-19,0.64816236,0.68849945,0.64816236,0.64058983,0.9543395,0.64058983,0.7198908,-30.02499771118164,-51.22499084472656
2025-10-20,0.32129562,0.32129568,0.32129562,0.32129562,0.32129562,0.32129562,0.32129562,-30.02499771118164,-51.22499084472656
2025-10-21,0.21898961,0.21898946,0.21898961,0.21898961,0.21898961,0.21898961,0.21898961,-30.02499771118164,-51.22499084472656
2025-10-22,0.1561122,0.1561122,0.1561122,0.1561122,0.1561122,0.1561122,0.1561122,-30.02499771118164,-51.22499084472656
2025-10-23,0.12460494,0.12460503,0.12460494,0.12460494,0.12460494,0.12460494,0.12460494,-30.02499771118164,-51.22499084472656
2025-10-24,0.101539254,0.10153918,0.101539254,0.101539254,0.101539254,0.101539254,0.101539254,-30.02499771118164,-51.22499084472656
2025-10-25,0.18032062,0.39071655,0.2764929,0.08642566,2.3884413,0.17426851,0.55516416,-30.02499771118164,-51.22499084472656
2025-10-26,0.39958727,0.43456104,0.28233063,0.14024973,2.2809527,0.23168844,0.41523474,-30.02499771118164,-51.22499084472656
2025-10-27,0.25892544,0.30573973,0.25892544,0.25892544,0.8365383,0.25892544,0.2882495,-30.02499771118164,-51.22499084472656
2025-10-28,1.6668587,1.5646253,1.3607848,0.09395635,4.970353,0.991868,2.234089,-30.02499771118164,-51.22499084472656
2025-10-29,3.0926065,3.7406218,3.6238103,2.1045597,5.966265,3.2002583,4.245078,-30.02499771118164,-51.22499084472656
2025-10-30,1.1478305,1.2005849,1.1877615,1.084491,1.4210291,1.144134,1.2490547,-30.02499771118164,-51.22499084472656
2025-10-31,0.72583795,0.7316948,0.6943558,0.6634127,1.0558906,0.6634127,0.7823787,-30.02499771118164,-51.22499084472656
2025-11-01,0.42889392,0.428894,0.42889392,0.42889392,0.42889392,0.42889392,0.42889392,-30.02499771118164,-51.22499084472656
